ISO-10303-21;
HEADER;
/* Generated by software containing ST-Developer
 * from STEP Tools, Inc. (www.steptools.com) 
 */

FILE_DESCRIPTION(
/* description */ (''),
/* implementation_level */ '2;1');

FILE_NAME(
/* name */ '#2 part 4 switch .step',
/* time_stamp */ '2023-07-05T12:05:32+05:30',
/* author */ (''),
/* organization */ (''),
/* preprocessor_version */ 'ST-DEVELOPER v19.2',
/* originating_system */ 'Autodesk Translation Framework v12.6.0.85',
/* authorisation */ '');

FILE_SCHEMA (('AUTOMOTIVE_DESIGN { 1 0 10303 214 3 1 1 }'));
ENDSEC;

DATA;
#10=MECHANICAL_DESIGN_GEOMETRIC_PRESENTATION_REPRESENTATION('',(#72,#73,
#74,#75,#76,#77,#78,#79,#80,#81,#82,#83,#84,#85,#86,#87,#88,#89),#2344);
#11=SHAPE_REPRESENTATION_RELATIONSHIP('SRR','None',#2351,#12);
#12=ADVANCED_BREP_SHAPE_REPRESENTATION('',(#13,#14),#2343);
#13=MANIFOLD_SOLID_BREP('Body1',#1439);
#14=MANIFOLD_SOLID_BREP('Body2',#1440);
#15=FACE_BOUND('',#176,.T.);
#16=FACE_BOUND('',#180,.T.);
#17=FACE_BOUND('',#187,.T.);
#18=FACE_BOUND('',#190,.T.);
#19=FACE_BOUND('',#199,.T.);
#20=FACE_BOUND('',#204,.T.);
#21=FACE_BOUND('',#205,.T.);
#22=FACE_BOUND('',#212,.T.);
#23=FACE_BOUND('',#221,.T.);
#24=FACE_BOUND('',#227,.T.);
#25=FACE_BOUND('',#235,.T.);
#26=FACE_BOUND('',#241,.T.);
#27=CIRCLE('',#1460,0.75);
#28=CIRCLE('',#1461,0.75);
#29=CIRCLE('',#1463,0.75);
#30=CIRCLE('',#1464,0.75);
#31=CIRCLE('',#1480,0.999999977648258);
#32=CIRCLE('',#1483,0.999999977648258);
#33=CIRCLE('',#1487,2.3);
#34=CIRCLE('',#1488,2.3);
#35=CIRCLE('',#1489,1.);
#36=CIRCLE('',#1490,1.);
#37=CIRCLE('',#1491,0.999999999999999);
#38=CIRCLE('',#1492,1.);
#39=CIRCLE('',#1496,1.);
#40=CIRCLE('',#1499,1.);
#41=CIRCLE('',#1504,0.999999999999999);
#42=CIRCLE('',#1507,1.);
#43=CIRCLE('',#1510,2.3);
#44=CIRCLE('',#1511,2.3);
#45=CIRCLE('',#1515,2.3);
#46=CIRCLE('',#1517,2.3);
#47=CIRCLE('',#1521,1.);
#48=CIRCLE('',#1523,1.);
#49=CIRCLE('',#1531,2.3);
#50=CIRCLE('',#1533,2.3);
#51=CIRCLE('',#1537,1.);
#52=CIRCLE('',#1539,1.);
#53=CIRCLE('',#1549,0.299999999999998);
#54=CIRCLE('',#1550,0.649999999999998);
#55=CIRCLE('',#1553,0.649999999999998);
#56=CIRCLE('',#1554,0.299999999999998);
#57=CYLINDRICAL_SURFACE('',#1459,0.75);
#58=CYLINDRICAL_SURFACE('',#1462,0.75);
#59=CYLINDRICAL_SURFACE('',#1482,0.999999977648258);
#60=CYLINDRICAL_SURFACE('',#1495,1.);
#61=CYLINDRICAL_SURFACE('',#1498,1.);
#62=CYLINDRICAL_SURFACE('',#1503,0.999999999999999);
#63=CYLINDRICAL_SURFACE('',#1506,1.);
#64=CYLINDRICAL_SURFACE('',#1514,2.3);
#65=CYLINDRICAL_SURFACE('',#1516,2.3);
#66=CYLINDRICAL_SURFACE('',#1522,1.);
#67=CYLINDRICAL_SURFACE('',#1530,2.3);
#68=CYLINDRICAL_SURFACE('',#1532,2.3);
#69=CYLINDRICAL_SURFACE('',#1538,1.);
#70=CYLINDRICAL_SURFACE('',#1555,0.299999999999998);
#71=CYLINDRICAL_SURFACE('',#1559,0.649999999999998);
#72=STYLED_ITEM('',(#2362),#1368);
#73=STYLED_ITEM('',(#2362),#1369);
#74=STYLED_ITEM('',(#2362),#1370);
#75=STYLED_ITEM('',(#2362),#1371);
#76=STYLED_ITEM('',(#2362),#1372);
#77=STYLED_ITEM('',(#2362),#1373);
#78=STYLED_ITEM('',(#2362),#1374);
#79=STYLED_ITEM('',(#2362),#1375);
#80=STYLED_ITEM('',(#2362),#1376);
#81=STYLED_ITEM('',(#2362),#1377);
#82=STYLED_ITEM('',(#2362),#1378);
#83=STYLED_ITEM('',(#2362),#1379);
#84=STYLED_ITEM('',(#2362),#1380);
#85=STYLED_ITEM('',(#2362),#1381);
#86=STYLED_ITEM('',(#2362),#1382);
#87=STYLED_ITEM('',(#2362),#1383);
#88=STYLED_ITEM('',(#2361),#13);
#89=STYLED_ITEM('',(#2362),#14);
#90=FACE_OUTER_BOUND('',#166,.T.);
#91=FACE_OUTER_BOUND('',#167,.T.);
#92=FACE_OUTER_BOUND('',#168,.T.);
#93=FACE_OUTER_BOUND('',#169,.T.);
#94=FACE_OUTER_BOUND('',#170,.T.);
#95=FACE_OUTER_BOUND('',#171,.T.);
#96=FACE_OUTER_BOUND('',#172,.T.);
#97=FACE_OUTER_BOUND('',#173,.T.);
#98=FACE_OUTER_BOUND('',#174,.T.);
#99=FACE_OUTER_BOUND('',#175,.T.);
#100=FACE_OUTER_BOUND('',#177,.T.);
#101=FACE_OUTER_BOUND('',#178,.T.);
#102=FACE_OUTER_BOUND('',#179,.T.);
#103=FACE_OUTER_BOUND('',#181,.T.);
#104=FACE_OUTER_BOUND('',#182,.T.);
#105=FACE_OUTER_BOUND('',#183,.T.);
#106=FACE_OUTER_BOUND('',#184,.T.);
#107=FACE_OUTER_BOUND('',#185,.T.);
#108=FACE_OUTER_BOUND('',#186,.T.);
#109=FACE_OUTER_BOUND('',#188,.T.);
#110=FACE_OUTER_BOUND('',#189,.T.);
#111=FACE_OUTER_BOUND('',#191,.T.);
#112=FACE_OUTER_BOUND('',#192,.T.);
#113=FACE_OUTER_BOUND('',#193,.T.);
#114=FACE_OUTER_BOUND('',#194,.T.);
#115=FACE_OUTER_BOUND('',#195,.T.);
#116=FACE_OUTER_BOUND('',#196,.T.);
#117=FACE_OUTER_BOUND('',#197,.T.);
#118=FACE_OUTER_BOUND('',#198,.T.);
#119=FACE_OUTER_BOUND('',#200,.T.);
#120=FACE_OUTER_BOUND('',#201,.T.);
#121=FACE_OUTER_BOUND('',#202,.T.);
#122=FACE_OUTER_BOUND('',#203,.T.);
#123=FACE_OUTER_BOUND('',#206,.T.);
#124=FACE_OUTER_BOUND('',#207,.T.);
#125=FACE_OUTER_BOUND('',#208,.T.);
#126=FACE_OUTER_BOUND('',#209,.T.);
#127=FACE_OUTER_BOUND('',#210,.T.);
#128=FACE_OUTER_BOUND('',#211,.T.);
#129=FACE_OUTER_BOUND('',#213,.T.);
#130=FACE_OUTER_BOUND('',#214,.T.);
#131=FACE_OUTER_BOUND('',#215,.T.);
#132=FACE_OUTER_BOUND('',#216,.T.);
#133=FACE_OUTER_BOUND('',#217,.T.);
#134=FACE_OUTER_BOUND('',#218,.T.);
#135=FACE_OUTER_BOUND('',#219,.T.);
#136=FACE_OUTER_BOUND('',#220,.T.);
#137=FACE_OUTER_BOUND('',#222,.T.);
#138=FACE_OUTER_BOUND('',#223,.T.);
#139=FACE_OUTER_BOUND('',#224,.T.);
#140=FACE_OUTER_BOUND('',#225,.T.);
#141=FACE_OUTER_BOUND('',#226,.T.);
#142=FACE_OUTER_BOUND('',#228,.T.);
#143=FACE_OUTER_BOUND('',#229,.T.);
#144=FACE_OUTER_BOUND('',#230,.T.);
#145=FACE_OUTER_BOUND('',#231,.T.);
#146=FACE_OUTER_BOUND('',#232,.T.);
#147=FACE_OUTER_BOUND('',#233,.T.);
#148=FACE_OUTER_BOUND('',#234,.T.);
#149=FACE_OUTER_BOUND('',#236,.T.);
#150=FACE_OUTER_BOUND('',#237,.T.);
#151=FACE_OUTER_BOUND('',#238,.T.);
#152=FACE_OUTER_BOUND('',#239,.T.);
#153=FACE_OUTER_BOUND('',#240,.T.);
#154=FACE_OUTER_BOUND('',#242,.T.);
#155=FACE_OUTER_BOUND('',#243,.T.);
#156=FACE_OUTER_BOUND('',#244,.T.);
#157=FACE_OUTER_BOUND('',#245,.T.);
#158=FACE_OUTER_BOUND('',#246,.T.);
#159=FACE_OUTER_BOUND('',#247,.T.);
#160=FACE_OUTER_BOUND('',#248,.T.);
#161=FACE_OUTER_BOUND('',#249,.T.);
#162=FACE_OUTER_BOUND('',#250,.T.);
#163=FACE_OUTER_BOUND('',#251,.T.);
#164=FACE_OUTER_BOUND('',#252,.T.);
#165=FACE_OUTER_BOUND('',#253,.T.);
#166=EDGE_LOOP('',(#910,#911,#912,#913));
#167=EDGE_LOOP('',(#914,#915,#916,#917));
#168=EDGE_LOOP('',(#918,#919,#920,#921));
#169=EDGE_LOOP('',(#922,#923,#924,#925));
#170=EDGE_LOOP('',(#926,#927,#928,#929));
#171=EDGE_LOOP('',(#930,#931,#932,#933));
#172=EDGE_LOOP('',(#934,#935,#936,#937));
#173=EDGE_LOOP('',(#938,#939,#940,#941));
#174=EDGE_LOOP('',(#942,#943,#944,#945));
#175=EDGE_LOOP('',(#946,#947,#948,#949,#950,#951));
#176=EDGE_LOOP('',(#952));
#177=EDGE_LOOP('',(#953,#954,#955,#956));
#178=EDGE_LOOP('',(#957,#958,#959,#960));
#179=EDGE_LOOP('',(#961,#962,#963,#964,#965,#966));
#180=EDGE_LOOP('',(#967));
#181=EDGE_LOOP('',(#968,#969,#970,#971));
#182=EDGE_LOOP('',(#972,#973,#974,#975));
#183=EDGE_LOOP('',(#976,#977,#978,#979));
#184=EDGE_LOOP('',(#980,#981,#982,#983));
#185=EDGE_LOOP('',(#984,#985,#986,#987));
#186=EDGE_LOOP('',(#988,#989,#990,#991,#992,#993));
#187=EDGE_LOOP('',(#994));
#188=EDGE_LOOP('',(#995,#996,#997,#998));
#189=EDGE_LOOP('',(#999,#1000,#1001,#1002,#1003,#1004));
#190=EDGE_LOOP('',(#1005));
#191=EDGE_LOOP('',(#1006,#1007,#1008,#1009));
#192=EDGE_LOOP('',(#1010,#1011,#1012,#1013));
#193=EDGE_LOOP('',(#1014,#1015,#1016,#1017));
#194=EDGE_LOOP('',(#1018,#1019,#1020,#1021));
#195=EDGE_LOOP('',(#1022,#1023,#1024,#1025));
#196=EDGE_LOOP('',(#1026,#1027,#1028,#1029,#1030,#1031,#1032,#1033,#1034,
#1035,#1036,#1037,#1038,#1039,#1040,#1041,#1042,#1043));
#197=EDGE_LOOP('',(#1044,#1045,#1046,#1047));
#198=EDGE_LOOP('',(#1048,#1049,#1050,#1051));
#199=EDGE_LOOP('',(#1052,#1053,#1054,#1055));
#200=EDGE_LOOP('',(#1056,#1057,#1058,#1059));
#201=EDGE_LOOP('',(#1060,#1061,#1062,#1063));
#202=EDGE_LOOP('',(#1064,#1065,#1066,#1067));
#203=EDGE_LOOP('',(#1068,#1069,#1070,#1071));
#204=EDGE_LOOP('',(#1072,#1073,#1074,#1075));
#205=EDGE_LOOP('',(#1076,#1077,#1078,#1079));
#206=EDGE_LOOP('',(#1080,#1081,#1082,#1083));
#207=EDGE_LOOP('',(#1084,#1085,#1086,#1087));
#208=EDGE_LOOP('',(#1088,#1089,#1090,#1091));
#209=EDGE_LOOP('',(#1092,#1093,#1094,#1095));
#210=EDGE_LOOP('',(#1096,#1097,#1098,#1099));
#211=EDGE_LOOP('',(#1100,#1101,#1102,#1103));
#212=EDGE_LOOP('',(#1104,#1105,#1106,#1107));
#213=EDGE_LOOP('',(#1108,#1109,#1110,#1111,#1112,#1113,#1114,#1115,#1116,
#1117,#1118,#1119,#1120,#1121,#1122,#1123,#1124,#1125));
#214=EDGE_LOOP('',(#1126,#1127,#1128,#1129));
#215=EDGE_LOOP('',(#1130,#1131,#1132,#1133));
#216=EDGE_LOOP('',(#1134,#1135,#1136,#1137));
#217=EDGE_LOOP('',(#1138,#1139,#1140,#1141));
#218=EDGE_LOOP('',(#1142,#1143,#1144,#1145));
#219=EDGE_LOOP('',(#1146,#1147,#1148,#1149));
#220=EDGE_LOOP('',(#1150,#1151,#1152,#1153,#1154,#1155));
#221=EDGE_LOOP('',(#1156));
#222=EDGE_LOOP('',(#1157,#1158,#1159,#1160));
#223=EDGE_LOOP('',(#1161,#1162,#1163,#1164,#1165,#1166));
#224=EDGE_LOOP('',(#1167,#1168,#1169,#1170));
#225=EDGE_LOOP('',(#1171,#1172,#1173,#1174,#1175,#1176));
#226=EDGE_LOOP('',(#1177,#1178,#1179,#1180,#1181,#1182));
#227=EDGE_LOOP('',(#1183));
#228=EDGE_LOOP('',(#1184,#1185,#1186,#1187));
#229=EDGE_LOOP('',(#1188,#1189,#1190,#1191));
#230=EDGE_LOOP('',(#1192,#1193,#1194,#1195));
#231=EDGE_LOOP('',(#1196,#1197,#1198,#1199));
#232=EDGE_LOOP('',(#1200,#1201,#1202,#1203));
#233=EDGE_LOOP('',(#1204,#1205,#1206,#1207));
#234=EDGE_LOOP('',(#1208,#1209,#1210,#1211,#1212,#1213));
#235=EDGE_LOOP('',(#1214));
#236=EDGE_LOOP('',(#1215,#1216,#1217,#1218));
#237=EDGE_LOOP('',(#1219,#1220,#1221,#1222,#1223,#1224));
#238=EDGE_LOOP('',(#1225,#1226,#1227,#1228));
#239=EDGE_LOOP('',(#1229,#1230,#1231,#1232,#1233,#1234));
#240=EDGE_LOOP('',(#1235,#1236,#1237,#1238,#1239,#1240));
#241=EDGE_LOOP('',(#1241));
#242=EDGE_LOOP('',(#1242,#1243,#1244,#1245));
#243=EDGE_LOOP('',(#1246,#1247,#1248,#1249));
#244=EDGE_LOOP('',(#1250,#1251,#1252,#1253,#1254,#1255));
#245=EDGE_LOOP('',(#1256,#1257,#1258,#1259));
#246=EDGE_LOOP('',(#1260,#1261,#1262,#1263,#1264,#1265,#1266,#1267));
#247=EDGE_LOOP('',(#1268,#1269,#1270,#1271,#1272,#1273));
#248=EDGE_LOOP('',(#1274,#1275,#1276,#1277,#1278,#1279,#1280,#1281));
#249=EDGE_LOOP('',(#1282,#1283,#1284,#1285));
#250=EDGE_LOOP('',(#1286,#1287,#1288,#1289));
#251=EDGE_LOOP('',(#1290,#1291,#1292,#1293));
#252=EDGE_LOOP('',(#1294,#1295,#1296,#1297));
#253=EDGE_LOOP('',(#1298,#1299,#1300,#1301));
#254=LINE('',#1944,#420);
#255=LINE('',#1946,#421);
#256=LINE('',#1948,#422);
#257=LINE('',#1949,#423);
#258=LINE('',#1952,#424);
#259=LINE('',#1954,#425);
#260=LINE('',#1955,#426);
#261=LINE('',#1958,#427);
#262=LINE('',#1959,#428);
#263=LINE('',#1962,#429);
#264=LINE('',#1963,#430);
#265=LINE('',#1965,#431);
#266=LINE('',#1970,#432);
#267=LINE('',#1976,#433);
#268=LINE('',#1981,#434);
#269=LINE('',#1983,#435);
#270=LINE('',#1985,#436);
#271=LINE('',#1986,#437);
#272=LINE('',#1989,#438);
#273=LINE('',#1991,#439);
#274=LINE('',#1992,#440);
#275=LINE('',#1995,#441);
#276=LINE('',#1997,#442);
#277=LINE('',#1999,#443);
#278=LINE('',#2000,#444);
#279=LINE('',#2004,#445);
#280=LINE('',#2006,#446);
#281=LINE('',#2008,#447);
#282=LINE('',#2009,#448);
#283=LINE('',#2012,#449);
#284=LINE('',#2014,#450);
#285=LINE('',#2015,#451);
#286=LINE('',#2018,#452);
#287=LINE('',#2020,#453);
#288=LINE('',#2022,#454);
#289=LINE('',#2023,#455);
#290=LINE('',#2026,#456);
#291=LINE('',#2027,#457);
#292=LINE('',#2030,#458);
#293=LINE('',#2031,#459);
#294=LINE('',#2034,#460);
#295=LINE('',#2035,#461);
#296=LINE('',#2038,#462);
#297=LINE('',#2039,#463);
#298=LINE('',#2042,#464);
#299=LINE('',#2043,#465);
#300=LINE('',#2045,#466);
#301=LINE('',#2048,#467);
#302=LINE('',#2049,#468);
#303=LINE('',#2051,#469);
#304=LINE('',#2055,#470);
#305=LINE('',#2057,#471);
#306=LINE('',#2059,#472);
#307=LINE('',#2063,#473);
#308=LINE('',#2065,#474);
#309=LINE('',#2066,#475);
#310=LINE('',#2070,#476);
#311=LINE('',#2073,#477);
#312=LINE('',#2074,#478);
#313=LINE('',#2076,#479);
#314=LINE('',#2080,#480);
#315=LINE('',#2084,#481);
#316=LINE('',#2086,#482);
#317=LINE('',#2088,#483);
#318=LINE('',#2092,#484);
#319=LINE('',#2094,#485);
#320=LINE('',#2098,#486);
#321=LINE('',#2102,#487);
#322=LINE('',#2104,#488);
#323=LINE('',#2106,#489);
#324=LINE('',#2110,#490);
#325=LINE('',#2113,#491);
#326=LINE('',#2116,#492);
#327=LINE('',#2118,#493);
#328=LINE('',#2119,#494);
#329=LINE('',#2122,#495);
#330=LINE('',#2124,#496);
#331=LINE('',#2125,#497);
#332=LINE('',#2129,#498);
#333=LINE('',#2132,#499);
#334=LINE('',#2133,#500);
#335=LINE('',#2137,#501);
#336=LINE('',#2140,#502);
#337=LINE('',#2141,#503);
#338=LINE('',#2144,#504);
#339=LINE('',#2145,#505);
#340=LINE('',#2148,#506);
#341=LINE('',#2149,#507);
#342=LINE('',#2153,#508);
#343=LINE('',#2156,#509);
#344=LINE('',#2157,#510);
#345=LINE('',#2161,#511);
#346=LINE('',#2164,#512);
#347=LINE('',#2165,#513);
#348=LINE('',#2168,#514);
#349=LINE('',#2170,#515);
#350=LINE('',#2173,#516);
#351=LINE('',#2175,#517);
#352=LINE('',#2179,#518);
#353=LINE('',#2181,#519);
#354=LINE('',#2182,#520);
#355=LINE('',#2185,#521);
#356=LINE('',#2187,#522);
#357=LINE('',#2188,#523);
#358=LINE('',#2192,#524);
#359=LINE('',#2195,#525);
#360=LINE('',#2199,#526);
#361=LINE('',#2200,#527);
#362=LINE('',#2203,#528);
#363=LINE('',#2204,#529);
#364=LINE('',#2207,#530);
#365=LINE('',#2209,#531);
#366=LINE('',#2210,#532);
#367=LINE('',#2215,#533);
#368=LINE('',#2219,#534);
#369=LINE('',#2220,#535);
#370=LINE('',#2223,#536);
#371=LINE('',#2224,#537);
#372=LINE('',#2226,#538);
#373=LINE('',#2230,#539);
#374=LINE('',#2232,#540);
#375=LINE('',#2233,#541);
#376=LINE('',#2236,#542);
#377=LINE('',#2238,#543);
#378=LINE('',#2239,#544);
#379=LINE('',#2243,#545);
#380=LINE('',#2246,#546);
#381=LINE('',#2250,#547);
#382=LINE('',#2251,#548);
#383=LINE('',#2254,#549);
#384=LINE('',#2255,#550);
#385=LINE('',#2258,#551);
#386=LINE('',#2260,#552);
#387=LINE('',#2261,#553);
#388=LINE('',#2266,#554);
#389=LINE('',#2270,#555);
#390=LINE('',#2271,#556);
#391=LINE('',#2274,#557);
#392=LINE('',#2275,#558);
#393=LINE('',#2277,#559);
#394=LINE('',#2282,#560);
#395=LINE('',#2284,#561);
#396=LINE('',#2286,#562);
#397=LINE('',#2287,#563);
#398=LINE('',#2290,#564);
#399=LINE('',#2292,#565);
#400=LINE('',#2293,#566);
#401=LINE('',#2296,#567);
#402=LINE('',#2298,#568);
#403=LINE('',#2300,#569);
#404=LINE('',#2301,#570);
#405=LINE('',#2304,#571);
#406=LINE('',#2305,#572);
#407=LINE('',#2308,#573);
#408=LINE('',#2312,#574);
#409=LINE('',#2314,#575);
#410=LINE('',#2316,#576);
#411=LINE('',#2320,#577);
#412=LINE('',#2321,#578);
#413=LINE('',#2326,#579);
#414=LINE('',#2328,#580);
#415=LINE('',#2330,#581);
#416=LINE('',#2333,#582);
#417=LINE('',#2335,#583);
#418=LINE('',#2337,#584);
#419=LINE('',#2339,#585);
#420=VECTOR('',#1564,10.);
#421=VECTOR('',#1565,10.);
#422=VECTOR('',#1566,10.);
#423=VECTOR('',#1567,10.);
#424=VECTOR('',#1570,10.);
#425=VECTOR('',#1571,10.);
#426=VECTOR('',#1572,10.);
#427=VECTOR('',#1575,10.);
#428=VECTOR('',#1576,10.);
#429=VECTOR('',#1579,10.);
#430=VECTOR('',#1580,10.);
#431=VECTOR('',#1583,10.);
#432=VECTOR('',#1588,0.75);
#433=VECTOR('',#1595,0.75);
#434=VECTOR('',#1600,10.);
#435=VECTOR('',#1601,10.);
#436=VECTOR('',#1602,10.);
#437=VECTOR('',#1603,10.);
#438=VECTOR('',#1606,10.);
#439=VECTOR('',#1607,10.);
#440=VECTOR('',#1608,10.);
#441=VECTOR('',#1611,10.);
#442=VECTOR('',#1612,10.);
#443=VECTOR('',#1613,10.);
#444=VECTOR('',#1614,10.);
#445=VECTOR('',#1617,10.);
#446=VECTOR('',#1618,10.);
#447=VECTOR('',#1619,10.);
#448=VECTOR('',#1620,10.);
#449=VECTOR('',#1623,10.);
#450=VECTOR('',#1624,10.);
#451=VECTOR('',#1625,10.);
#452=VECTOR('',#1628,10.);
#453=VECTOR('',#1629,10.);
#454=VECTOR('',#1630,10.);
#455=VECTOR('',#1631,10.);
#456=VECTOR('',#1634,10.);
#457=VECTOR('',#1635,10.);
#458=VECTOR('',#1638,10.);
#459=VECTOR('',#1639,10.);
#460=VECTOR('',#1642,10.);
#461=VECTOR('',#1643,10.);
#462=VECTOR('',#1646,10.);
#463=VECTOR('',#1647,10.);
#464=VECTOR('',#1650,10.);
#465=VECTOR('',#1651,10.);
#466=VECTOR('',#1654,10.);
#467=VECTOR('',#1657,10.);
#468=VECTOR('',#1658,10.);
#469=VECTOR('',#1661,10.);
#470=VECTOR('',#1664,10.);
#471=VECTOR('',#1665,10.);
#472=VECTOR('',#1666,10.);
#473=VECTOR('',#1671,10.);
#474=VECTOR('',#1672,10.);
#475=VECTOR('',#1673,10.);
#476=VECTOR('',#1678,10.);
#477=VECTOR('',#1681,10.);
#478=VECTOR('',#1682,10.);
#479=VECTOR('',#1685,10.);
#480=VECTOR('',#1688,9.99999999999999);
#481=VECTOR('',#1691,10.);
#482=VECTOR('',#1692,10.);
#483=VECTOR('',#1693,10.);
#484=VECTOR('',#1696,10.);
#485=VECTOR('',#1697,10.);
#486=VECTOR('',#1700,10.);
#487=VECTOR('',#1703,10.);
#488=VECTOR('',#1704,10.);
#489=VECTOR('',#1705,10.);
#490=VECTOR('',#1708,10.);
#491=VECTOR('',#1711,10.);
#492=VECTOR('',#1714,10.);
#493=VECTOR('',#1715,10.);
#494=VECTOR('',#1716,10.);
#495=VECTOR('',#1719,10.);
#496=VECTOR('',#1720,10.);
#497=VECTOR('',#1721,10.);
#498=VECTOR('',#1726,10.);
#499=VECTOR('',#1729,10.);
#500=VECTOR('',#1730,10.);
#501=VECTOR('',#1735,10.);
#502=VECTOR('',#1738,10.);
#503=VECTOR('',#1739,10.);
#504=VECTOR('',#1742,10.);
#505=VECTOR('',#1743,10.);
#506=VECTOR('',#1746,10.);
#507=VECTOR('',#1747,10.);
#508=VECTOR('',#1752,10.);
#509=VECTOR('',#1755,10.);
#510=VECTOR('',#1756,10.);
#511=VECTOR('',#1761,10.);
#512=VECTOR('',#1764,10.);
#513=VECTOR('',#1765,10.);
#514=VECTOR('',#1768,9.99999999999999);
#515=VECTOR('',#1769,10.);
#516=VECTOR('',#1772,10.);
#517=VECTOR('',#1773,10.);
#518=VECTOR('',#1778,10.);
#519=VECTOR('',#1779,9.99999999999999);
#520=VECTOR('',#1780,10.);
#521=VECTOR('',#1783,10.);
#522=VECTOR('',#1784,9.99999999999999);
#523=VECTOR('',#1785,10.);
#524=VECTOR('',#1790,10.);
#525=VECTOR('',#1793,10.);
#526=VECTOR('',#1798,10.);
#527=VECTOR('',#1799,10.);
#528=VECTOR('',#1802,10.);
#529=VECTOR('',#1803,10.);
#530=VECTOR('',#1806,10.);
#531=VECTOR('',#1807,10.);
#532=VECTOR('',#1808,10.);
#533=VECTOR('',#1813,1.);
#534=VECTOR('',#1818,10.);
#535=VECTOR('',#1819,10.);
#536=VECTOR('',#1822,10.);
#537=VECTOR('',#1823,10.);
#538=VECTOR('',#1826,10.);
#539=VECTOR('',#1831,10.);
#540=VECTOR('',#1832,10.);
#541=VECTOR('',#1833,10.);
#542=VECTOR('',#1836,10.);
#543=VECTOR('',#1837,10.);
#544=VECTOR('',#1838,10.);
#545=VECTOR('',#1843,10.);
#546=VECTOR('',#1846,10.);
#547=VECTOR('',#1851,10.);
#548=VECTOR('',#1852,10.);
#549=VECTOR('',#1855,10.);
#550=VECTOR('',#1856,10.);
#551=VECTOR('',#1859,10.);
#552=VECTOR('',#1860,10.);
#553=VECTOR('',#1861,10.);
#554=VECTOR('',#1866,1.);
#555=VECTOR('',#1871,10.);
#556=VECTOR('',#1872,10.);
#557=VECTOR('',#1875,10.);
#558=VECTOR('',#1876,10.);
#559=VECTOR('',#1879,10.);
#560=VECTOR('',#1884,10.);
#561=VECTOR('',#1885,10.);
#562=VECTOR('',#1886,10.);
#563=VECTOR('',#1887,10.);
#564=VECTOR('',#1890,10.);
#565=VECTOR('',#1891,10.);
#566=VECTOR('',#1892,10.);
#567=VECTOR('',#1895,10.);
#568=VECTOR('',#1896,10.);
#569=VECTOR('',#1897,10.);
#570=VECTOR('',#1898,10.);
#571=VECTOR('',#1901,10.);
#572=VECTOR('',#1902,10.);
#573=VECTOR('',#1905,10.);
#574=VECTOR('',#1908,10.);
#575=VECTOR('',#1909,10.);
#576=VECTOR('',#1910,10.);
#577=VECTOR('',#1915,10.);
#578=VECTOR('',#1916,10.);
#579=VECTOR('',#1921,10.);
#580=VECTOR('',#1922,10.);
#581=VECTOR('',#1923,10.);
#582=VECTOR('',#1928,10.);
#583=VECTOR('',#1931,10.);
#584=VECTOR('',#1934,10.);
#585=VECTOR('',#1937,10.);
#586=VERTEX_POINT('',#1942);
#587=VERTEX_POINT('',#1943);
#588=VERTEX_POINT('',#1945);
#589=VERTEX_POINT('',#1947);
#590=VERTEX_POINT('',#1951);
#591=VERTEX_POINT('',#1953);
#592=VERTEX_POINT('',#1957);
#593=VERTEX_POINT('',#1961);
#594=VERTEX_POINT('',#1967);
#595=VERTEX_POINT('',#1969);
#596=VERTEX_POINT('',#1973);
#597=VERTEX_POINT('',#1975);
#598=VERTEX_POINT('',#1979);
#599=VERTEX_POINT('',#1980);
#600=VERTEX_POINT('',#1982);
#601=VERTEX_POINT('',#1984);
#602=VERTEX_POINT('',#1988);
#603=VERTEX_POINT('',#1990);
#604=VERTEX_POINT('',#1994);
#605=VERTEX_POINT('',#1996);
#606=VERTEX_POINT('',#1998);
#607=VERTEX_POINT('',#2002);
#608=VERTEX_POINT('',#2003);
#609=VERTEX_POINT('',#2005);
#610=VERTEX_POINT('',#2007);
#611=VERTEX_POINT('',#2011);
#612=VERTEX_POINT('',#2013);
#613=VERTEX_POINT('',#2017);
#614=VERTEX_POINT('',#2019);
#615=VERTEX_POINT('',#2021);
#616=VERTEX_POINT('',#2025);
#617=VERTEX_POINT('',#2029);
#618=VERTEX_POINT('',#2033);
#619=VERTEX_POINT('',#2037);
#620=VERTEX_POINT('',#2041);
#621=VERTEX_POINT('',#2047);
#622=VERTEX_POINT('',#2053);
#623=VERTEX_POINT('',#2054);
#624=VERTEX_POINT('',#2056);
#625=VERTEX_POINT('',#2058);
#626=VERTEX_POINT('',#2062);
#627=VERTEX_POINT('',#2064);
#628=VERTEX_POINT('',#2068);
#629=VERTEX_POINT('',#2072);
#630=VERTEX_POINT('',#2078);
#631=VERTEX_POINT('',#2079);
#632=VERTEX_POINT('',#2081);
#633=VERTEX_POINT('',#2083);
#634=VERTEX_POINT('',#2085);
#635=VERTEX_POINT('',#2087);
#636=VERTEX_POINT('',#2089);
#637=VERTEX_POINT('',#2091);
#638=VERTEX_POINT('',#2093);
#639=VERTEX_POINT('',#2095);
#640=VERTEX_POINT('',#2097);
#641=VERTEX_POINT('',#2099);
#642=VERTEX_POINT('',#2101);
#643=VERTEX_POINT('',#2103);
#644=VERTEX_POINT('',#2105);
#645=VERTEX_POINT('',#2107);
#646=VERTEX_POINT('',#2109);
#647=VERTEX_POINT('',#2111);
#648=VERTEX_POINT('',#2115);
#649=VERTEX_POINT('',#2117);
#650=VERTEX_POINT('',#2121);
#651=VERTEX_POINT('',#2123);
#652=VERTEX_POINT('',#2127);
#653=VERTEX_POINT('',#2131);
#654=VERTEX_POINT('',#2135);
#655=VERTEX_POINT('',#2139);
#656=VERTEX_POINT('',#2143);
#657=VERTEX_POINT('',#2147);
#658=VERTEX_POINT('',#2151);
#659=VERTEX_POINT('',#2155);
#660=VERTEX_POINT('',#2159);
#661=VERTEX_POINT('',#2163);
#662=VERTEX_POINT('',#2167);
#663=VERTEX_POINT('',#2169);
#664=VERTEX_POINT('',#2171);
#665=VERTEX_POINT('',#2174);
#666=VERTEX_POINT('',#2178);
#667=VERTEX_POINT('',#2180);
#668=VERTEX_POINT('',#2184);
#669=VERTEX_POINT('',#2186);
#670=VERTEX_POINT('',#2190);
#671=VERTEX_POINT('',#2194);
#672=VERTEX_POINT('',#2198);
#673=VERTEX_POINT('',#2202);
#674=VERTEX_POINT('',#2206);
#675=VERTEX_POINT('',#2208);
#676=VERTEX_POINT('',#2211);
#677=VERTEX_POINT('',#2214);
#678=VERTEX_POINT('',#2218);
#679=VERTEX_POINT('',#2222);
#680=VERTEX_POINT('',#2229);
#681=VERTEX_POINT('',#2231);
#682=VERTEX_POINT('',#2235);
#683=VERTEX_POINT('',#2237);
#684=VERTEX_POINT('',#2241);
#685=VERTEX_POINT('',#2245);
#686=VERTEX_POINT('',#2249);
#687=VERTEX_POINT('',#2253);
#688=VERTEX_POINT('',#2257);
#689=VERTEX_POINT('',#2259);
#690=VERTEX_POINT('',#2262);
#691=VERTEX_POINT('',#2265);
#692=VERTEX_POINT('',#2269);
#693=VERTEX_POINT('',#2273);
#694=VERTEX_POINT('',#2280);
#695=VERTEX_POINT('',#2281);
#696=VERTEX_POINT('',#2283);
#697=VERTEX_POINT('',#2285);
#698=VERTEX_POINT('',#2289);
#699=VERTEX_POINT('',#2291);
#700=VERTEX_POINT('',#2295);
#701=VERTEX_POINT('',#2297);
#702=VERTEX_POINT('',#2299);
#703=VERTEX_POINT('',#2303);
#704=VERTEX_POINT('',#2307);
#705=VERTEX_POINT('',#2309);
#706=VERTEX_POINT('',#2311);
#707=VERTEX_POINT('',#2313);
#708=VERTEX_POINT('',#2315);
#709=VERTEX_POINT('',#2319);
#710=VERTEX_POINT('',#2323);
#711=VERTEX_POINT('',#2325);
#712=VERTEX_POINT('',#2327);
#713=VERTEX_POINT('',#2329);
#714=EDGE_CURVE('',#586,#587,#254,.T.);
#715=EDGE_CURVE('',#588,#586,#255,.T.);
#716=EDGE_CURVE('',#589,#588,#256,.T.);
#717=EDGE_CURVE('',#587,#589,#257,.T.);
#718=EDGE_CURVE('',#588,#590,#258,.T.);
#719=EDGE_CURVE('',#586,#591,#259,.T.);
#720=EDGE_CURVE('',#590,#591,#260,.T.);
#721=EDGE_CURVE('',#589,#592,#261,.T.);
#722=EDGE_CURVE('',#592,#590,#262,.T.);
#723=EDGE_CURVE('',#587,#593,#263,.T.);
#724=EDGE_CURVE('',#593,#592,#264,.T.);
#725=EDGE_CURVE('',#591,#593,#265,.T.);
#726=EDGE_CURVE('',#594,#594,#27,.T.);
#727=EDGE_CURVE('',#594,#595,#266,.T.);
#728=EDGE_CURVE('',#595,#595,#28,.T.);
#729=EDGE_CURVE('',#596,#596,#29,.T.);
#730=EDGE_CURVE('',#596,#597,#267,.T.);
#731=EDGE_CURVE('',#597,#597,#30,.T.);
#732=EDGE_CURVE('',#598,#599,#268,.T.);
#733=EDGE_CURVE('',#599,#600,#269,.T.);
#734=EDGE_CURVE('',#600,#601,#270,.T.);
#735=EDGE_CURVE('',#601,#598,#271,.T.);
#736=EDGE_CURVE('',#601,#602,#272,.T.);
#737=EDGE_CURVE('',#603,#602,#273,.T.);
#738=EDGE_CURVE('',#598,#603,#274,.T.);
#739=EDGE_CURVE('',#604,#600,#275,.T.);
#740=EDGE_CURVE('',#605,#604,#276,.T.);
#741=EDGE_CURVE('',#606,#605,#277,.T.);
#742=EDGE_CURVE('',#602,#606,#278,.T.);
#743=EDGE_CURVE('',#607,#608,#279,.T.);
#744=EDGE_CURVE('',#608,#609,#280,.T.);
#745=EDGE_CURVE('',#609,#610,#281,.T.);
#746=EDGE_CURVE('',#610,#607,#282,.T.);
#747=EDGE_CURVE('',#610,#611,#283,.T.);
#748=EDGE_CURVE('',#612,#611,#284,.T.);
#749=EDGE_CURVE('',#607,#612,#285,.T.);
#750=EDGE_CURVE('',#613,#609,#286,.T.);
#751=EDGE_CURVE('',#614,#613,#287,.T.);
#752=EDGE_CURVE('',#615,#614,#288,.T.);
#753=EDGE_CURVE('',#611,#615,#289,.T.);
#754=EDGE_CURVE('',#606,#616,#290,.T.);
#755=EDGE_CURVE('',#616,#603,#291,.T.);
#756=EDGE_CURVE('',#617,#605,#292,.T.);
#757=EDGE_CURVE('',#617,#616,#293,.T.);
#758=EDGE_CURVE('',#615,#618,#294,.T.);
#759=EDGE_CURVE('',#618,#612,#295,.T.);
#760=EDGE_CURVE('',#619,#614,#296,.T.);
#761=EDGE_CURVE('',#619,#618,#297,.T.);
#762=EDGE_CURVE('',#599,#620,#298,.T.);
#763=EDGE_CURVE('',#604,#620,#299,.T.);
#764=EDGE_CURVE('',#620,#617,#300,.T.);
#765=EDGE_CURVE('',#608,#621,#301,.T.);
#766=EDGE_CURVE('',#613,#621,#302,.T.);
#767=EDGE_CURVE('',#621,#619,#303,.T.);
#768=EDGE_CURVE('',#622,#623,#304,.T.);
#769=EDGE_CURVE('',#624,#623,#305,.T.);
#770=EDGE_CURVE('',#624,#625,#306,.T.);
#771=EDGE_CURVE('',#625,#622,#31,.T.);
#772=EDGE_CURVE('',#626,#624,#307,.T.);
#773=EDGE_CURVE('',#627,#626,#308,.T.);
#774=EDGE_CURVE('',#625,#627,#309,.T.);
#775=EDGE_CURVE('',#628,#627,#32,.T.);
#776=EDGE_CURVE('',#622,#628,#310,.T.);
#777=EDGE_CURVE('',#629,#628,#311,.T.);
#778=EDGE_CURVE('',#623,#629,#312,.T.);
#779=EDGE_CURVE('',#629,#626,#313,.T.);
#780=EDGE_CURVE('',#630,#631,#314,.T.);
#781=EDGE_CURVE('',#632,#630,#33,.T.);
#782=EDGE_CURVE('',#633,#632,#315,.T.);
#783=EDGE_CURVE('',#633,#634,#316,.T.);
#784=EDGE_CURVE('',#635,#634,#317,.T.);
#785=EDGE_CURVE('',#636,#635,#34,.T.);
#786=EDGE_CURVE('',#637,#636,#318,.T.);
#787=EDGE_CURVE('',#637,#638,#319,.T.);
#788=EDGE_CURVE('',#638,#639,#35,.T.);
#789=EDGE_CURVE('',#639,#640,#320,.T.);
#790=EDGE_CURVE('',#640,#641,#36,.T.);
#791=EDGE_CURVE('',#641,#642,#321,.T.);
#792=EDGE_CURVE('',#642,#643,#322,.T.);
#793=EDGE_CURVE('',#643,#644,#323,.T.);
#794=EDGE_CURVE('',#644,#645,#37,.T.);
#795=EDGE_CURVE('',#645,#646,#324,.T.);
#796=EDGE_CURVE('',#646,#647,#38,.T.);
#797=EDGE_CURVE('',#647,#631,#325,.T.);
#798=EDGE_CURVE('',#633,#648,#326,.T.);
#799=EDGE_CURVE('',#649,#648,#327,.T.);
#800=EDGE_CURVE('',#634,#649,#328,.T.);
#801=EDGE_CURVE('',#637,#650,#329,.T.);
#802=EDGE_CURVE('',#651,#650,#330,.T.);
#803=EDGE_CURVE('',#638,#651,#331,.T.);
#804=EDGE_CURVE('',#652,#651,#39,.T.);
#805=EDGE_CURVE('',#639,#652,#332,.T.);
#806=EDGE_CURVE('',#653,#652,#333,.T.);
#807=EDGE_CURVE('',#640,#653,#334,.T.);
#808=EDGE_CURVE('',#654,#653,#40,.T.);
#809=EDGE_CURVE('',#641,#654,#335,.T.);
#810=EDGE_CURVE('',#655,#654,#336,.T.);
#811=EDGE_CURVE('',#642,#655,#337,.T.);
#812=EDGE_CURVE('',#656,#655,#338,.T.);
#813=EDGE_CURVE('',#643,#656,#339,.T.);
#814=EDGE_CURVE('',#657,#656,#340,.T.);
#815=EDGE_CURVE('',#644,#657,#341,.T.);
#816=EDGE_CURVE('',#658,#657,#41,.T.);
#817=EDGE_CURVE('',#645,#658,#342,.T.);
#818=EDGE_CURVE('',#659,#658,#343,.T.);
#819=EDGE_CURVE('',#646,#659,#344,.T.);
#820=EDGE_CURVE('',#660,#659,#42,.T.);
#821=EDGE_CURVE('',#647,#660,#345,.T.);
#822=EDGE_CURVE('',#661,#660,#346,.T.);
#823=EDGE_CURVE('',#631,#661,#347,.T.);
#824=EDGE_CURVE('',#661,#662,#348,.T.);
#825=EDGE_CURVE('',#663,#650,#349,.T.);
#826=EDGE_CURVE('',#664,#663,#43,.T.);
#827=EDGE_CURVE('',#649,#664,#350,.T.);
#828=EDGE_CURVE('',#665,#648,#351,.T.);
#829=EDGE_CURVE('',#662,#665,#44,.T.);
#830=EDGE_CURVE('',#666,#631,#352,.T.);
#831=EDGE_CURVE('',#667,#666,#353,.T.);
#832=EDGE_CURVE('',#630,#667,#354,.T.);
#833=EDGE_CURVE('',#668,#662,#355,.T.);
#834=EDGE_CURVE('',#669,#668,#356,.T.);
#835=EDGE_CURVE('',#661,#669,#357,.T.);
#836=EDGE_CURVE('',#670,#667,#45,.T.);
#837=EDGE_CURVE('',#670,#632,#358,.T.);
#838=EDGE_CURVE('',#665,#671,#359,.T.);
#839=EDGE_CURVE('',#668,#671,#46,.T.);
#840=EDGE_CURVE('',#672,#670,#360,.T.);
#841=EDGE_CURVE('',#672,#633,#361,.T.);
#842=EDGE_CURVE('',#648,#673,#362,.T.);
#843=EDGE_CURVE('',#671,#673,#363,.T.);
#844=EDGE_CURVE('',#666,#674,#364,.T.);
#845=EDGE_CURVE('',#674,#675,#365,.T.);
#846=EDGE_CURVE('',#675,#672,#366,.T.);
#847=EDGE_CURVE('',#676,#676,#47,.T.);
#848=EDGE_CURVE('',#676,#677,#367,.T.);
#849=EDGE_CURVE('',#677,#677,#48,.T.);
#850=EDGE_CURVE('',#678,#669,#368,.T.);
#851=EDGE_CURVE('',#674,#678,#369,.T.);
#852=EDGE_CURVE('',#679,#678,#370,.T.);
#853=EDGE_CURVE('',#675,#679,#371,.T.);
#854=EDGE_CURVE('',#673,#679,#372,.T.);
#855=EDGE_CURVE('',#680,#634,#373,.T.);
#856=EDGE_CURVE('',#681,#680,#374,.T.);
#857=EDGE_CURVE('',#635,#681,#375,.T.);
#858=EDGE_CURVE('',#682,#664,#376,.T.);
#859=EDGE_CURVE('',#683,#682,#377,.T.);
#860=EDGE_CURVE('',#649,#683,#378,.T.);
#861=EDGE_CURVE('',#684,#681,#49,.T.);
#862=EDGE_CURVE('',#684,#636,#379,.T.);
#863=EDGE_CURVE('',#663,#685,#380,.T.);
#864=EDGE_CURVE('',#682,#685,#50,.T.);
#865=EDGE_CURVE('',#686,#684,#381,.T.);
#866=EDGE_CURVE('',#686,#637,#382,.T.);
#867=EDGE_CURVE('',#650,#687,#383,.T.);
#868=EDGE_CURVE('',#685,#687,#384,.T.);
#869=EDGE_CURVE('',#680,#688,#385,.T.);
#870=EDGE_CURVE('',#688,#689,#386,.T.);
#871=EDGE_CURVE('',#689,#686,#387,.T.);
#872=EDGE_CURVE('',#690,#690,#51,.T.);
#873=EDGE_CURVE('',#690,#691,#388,.T.);
#874=EDGE_CURVE('',#691,#691,#52,.T.);
#875=EDGE_CURVE('',#692,#683,#389,.T.);
#876=EDGE_CURVE('',#688,#692,#390,.T.);
#877=EDGE_CURVE('',#693,#692,#391,.T.);
#878=EDGE_CURVE('',#689,#693,#392,.T.);
#879=EDGE_CURVE('',#687,#693,#393,.T.);
#880=EDGE_CURVE('',#694,#695,#394,.T.);
#881=EDGE_CURVE('',#695,#696,#395,.T.);
#882=EDGE_CURVE('',#696,#697,#396,.T.);
#883=EDGE_CURVE('',#697,#694,#397,.T.);
#884=EDGE_CURVE('',#698,#697,#398,.T.);
#885=EDGE_CURVE('',#699,#698,#399,.T.);
#886=EDGE_CURVE('',#694,#699,#400,.T.);
#887=EDGE_CURVE('',#700,#696,#401,.T.);
#888=EDGE_CURVE('',#701,#700,#402,.T.);
#889=EDGE_CURVE('',#702,#701,#403,.T.);
#890=EDGE_CURVE('',#698,#702,#404,.T.);
#891=EDGE_CURVE('',#702,#703,#405,.T.);
#892=EDGE_CURVE('',#703,#699,#406,.T.);
#893=EDGE_CURVE('',#695,#704,#407,.T.);
#894=EDGE_CURVE('',#704,#705,#53,.T.);
#895=EDGE_CURVE('',#705,#706,#408,.T.);
#896=EDGE_CURVE('',#706,#707,#409,.T.);
#897=EDGE_CURVE('',#707,#708,#410,.T.);
#898=EDGE_CURVE('',#708,#700,#54,.T.);
#899=EDGE_CURVE('',#709,#703,#411,.T.);
#900=EDGE_CURVE('',#704,#709,#412,.T.);
#901=EDGE_CURVE('',#701,#710,#55,.T.);
#902=EDGE_CURVE('',#710,#711,#413,.T.);
#903=EDGE_CURVE('',#711,#712,#414,.T.);
#904=EDGE_CURVE('',#712,#713,#415,.T.);
#905=EDGE_CURVE('',#713,#709,#56,.T.);
#906=EDGE_CURVE('',#705,#713,#416,.T.);
#907=EDGE_CURVE('',#706,#712,#417,.T.);
#908=EDGE_CURVE('',#707,#711,#418,.T.);
#909=EDGE_CURVE('',#708,#710,#419,.T.);
#910=ORIENTED_EDGE('',*,*,#714,.F.);
#911=ORIENTED_EDGE('',*,*,#715,.F.);
#912=ORIENTED_EDGE('',*,*,#716,.F.);
#913=ORIENTED_EDGE('',*,*,#717,.F.);
#914=ORIENTED_EDGE('',*,*,#718,.F.);
#915=ORIENTED_EDGE('',*,*,#715,.T.);
#916=ORIENTED_EDGE('',*,*,#719,.T.);
#917=ORIENTED_EDGE('',*,*,#720,.F.);
#918=ORIENTED_EDGE('',*,*,#721,.F.);
#919=ORIENTED_EDGE('',*,*,#716,.T.);
#920=ORIENTED_EDGE('',*,*,#718,.T.);
#921=ORIENTED_EDGE('',*,*,#722,.F.);
#922=ORIENTED_EDGE('',*,*,#723,.F.);
#923=ORIENTED_EDGE('',*,*,#717,.T.);
#924=ORIENTED_EDGE('',*,*,#721,.T.);
#925=ORIENTED_EDGE('',*,*,#724,.F.);
#926=ORIENTED_EDGE('',*,*,#719,.F.);
#927=ORIENTED_EDGE('',*,*,#714,.T.);
#928=ORIENTED_EDGE('',*,*,#723,.T.);
#929=ORIENTED_EDGE('',*,*,#725,.F.);
#930=ORIENTED_EDGE('',*,*,#726,.F.);
#931=ORIENTED_EDGE('',*,*,#727,.T.);
#932=ORIENTED_EDGE('',*,*,#728,.F.);
#933=ORIENTED_EDGE('',*,*,#727,.F.);
#934=ORIENTED_EDGE('',*,*,#729,.F.);
#935=ORIENTED_EDGE('',*,*,#730,.T.);
#936=ORIENTED_EDGE('',*,*,#731,.F.);
#937=ORIENTED_EDGE('',*,*,#730,.F.);
#938=ORIENTED_EDGE('',*,*,#732,.T.);
#939=ORIENTED_EDGE('',*,*,#733,.T.);
#940=ORIENTED_EDGE('',*,*,#734,.T.);
#941=ORIENTED_EDGE('',*,*,#735,.T.);
#942=ORIENTED_EDGE('',*,*,#735,.F.);
#943=ORIENTED_EDGE('',*,*,#736,.T.);
#944=ORIENTED_EDGE('',*,*,#737,.F.);
#945=ORIENTED_EDGE('',*,*,#738,.F.);
#946=ORIENTED_EDGE('',*,*,#734,.F.);
#947=ORIENTED_EDGE('',*,*,#739,.F.);
#948=ORIENTED_EDGE('',*,*,#740,.F.);
#949=ORIENTED_EDGE('',*,*,#741,.F.);
#950=ORIENTED_EDGE('',*,*,#742,.F.);
#951=ORIENTED_EDGE('',*,*,#736,.F.);
#952=ORIENTED_EDGE('',*,*,#726,.T.);
#953=ORIENTED_EDGE('',*,*,#743,.T.);
#954=ORIENTED_EDGE('',*,*,#744,.T.);
#955=ORIENTED_EDGE('',*,*,#745,.T.);
#956=ORIENTED_EDGE('',*,*,#746,.T.);
#957=ORIENTED_EDGE('',*,*,#746,.F.);
#958=ORIENTED_EDGE('',*,*,#747,.T.);
#959=ORIENTED_EDGE('',*,*,#748,.F.);
#960=ORIENTED_EDGE('',*,*,#749,.F.);
#961=ORIENTED_EDGE('',*,*,#745,.F.);
#962=ORIENTED_EDGE('',*,*,#750,.F.);
#963=ORIENTED_EDGE('',*,*,#751,.F.);
#964=ORIENTED_EDGE('',*,*,#752,.F.);
#965=ORIENTED_EDGE('',*,*,#753,.F.);
#966=ORIENTED_EDGE('',*,*,#747,.F.);
#967=ORIENTED_EDGE('',*,*,#729,.T.);
#968=ORIENTED_EDGE('',*,*,#742,.T.);
#969=ORIENTED_EDGE('',*,*,#754,.T.);
#970=ORIENTED_EDGE('',*,*,#755,.T.);
#971=ORIENTED_EDGE('',*,*,#737,.T.);
#972=ORIENTED_EDGE('',*,*,#754,.F.);
#973=ORIENTED_EDGE('',*,*,#741,.T.);
#974=ORIENTED_EDGE('',*,*,#756,.F.);
#975=ORIENTED_EDGE('',*,*,#757,.T.);
#976=ORIENTED_EDGE('',*,*,#753,.T.);
#977=ORIENTED_EDGE('',*,*,#758,.T.);
#978=ORIENTED_EDGE('',*,*,#759,.T.);
#979=ORIENTED_EDGE('',*,*,#748,.T.);
#980=ORIENTED_EDGE('',*,*,#758,.F.);
#981=ORIENTED_EDGE('',*,*,#752,.T.);
#982=ORIENTED_EDGE('',*,*,#760,.F.);
#983=ORIENTED_EDGE('',*,*,#761,.T.);
#984=ORIENTED_EDGE('',*,*,#733,.F.);
#985=ORIENTED_EDGE('',*,*,#762,.T.);
#986=ORIENTED_EDGE('',*,*,#763,.F.);
#987=ORIENTED_EDGE('',*,*,#739,.T.);
#988=ORIENTED_EDGE('',*,*,#732,.F.);
#989=ORIENTED_EDGE('',*,*,#738,.T.);
#990=ORIENTED_EDGE('',*,*,#755,.F.);
#991=ORIENTED_EDGE('',*,*,#757,.F.);
#992=ORIENTED_EDGE('',*,*,#764,.F.);
#993=ORIENTED_EDGE('',*,*,#762,.F.);
#994=ORIENTED_EDGE('',*,*,#728,.T.);
#995=ORIENTED_EDGE('',*,*,#744,.F.);
#996=ORIENTED_EDGE('',*,*,#765,.T.);
#997=ORIENTED_EDGE('',*,*,#766,.F.);
#998=ORIENTED_EDGE('',*,*,#750,.T.);
#999=ORIENTED_EDGE('',*,*,#743,.F.);
#1000=ORIENTED_EDGE('',*,*,#749,.T.);
#1001=ORIENTED_EDGE('',*,*,#759,.F.);
#1002=ORIENTED_EDGE('',*,*,#761,.F.);
#1003=ORIENTED_EDGE('',*,*,#767,.F.);
#1004=ORIENTED_EDGE('',*,*,#765,.F.);
#1005=ORIENTED_EDGE('',*,*,#731,.T.);
#1006=ORIENTED_EDGE('',*,*,#768,.T.);
#1007=ORIENTED_EDGE('',*,*,#769,.F.);
#1008=ORIENTED_EDGE('',*,*,#770,.T.);
#1009=ORIENTED_EDGE('',*,*,#771,.T.);
#1010=ORIENTED_EDGE('',*,*,#772,.F.);
#1011=ORIENTED_EDGE('',*,*,#773,.F.);
#1012=ORIENTED_EDGE('',*,*,#774,.F.);
#1013=ORIENTED_EDGE('',*,*,#770,.F.);
#1014=ORIENTED_EDGE('',*,*,#774,.T.);
#1015=ORIENTED_EDGE('',*,*,#775,.F.);
#1016=ORIENTED_EDGE('',*,*,#776,.F.);
#1017=ORIENTED_EDGE('',*,*,#771,.F.);
#1018=ORIENTED_EDGE('',*,*,#776,.T.);
#1019=ORIENTED_EDGE('',*,*,#777,.F.);
#1020=ORIENTED_EDGE('',*,*,#778,.F.);
#1021=ORIENTED_EDGE('',*,*,#768,.F.);
#1022=ORIENTED_EDGE('',*,*,#777,.T.);
#1023=ORIENTED_EDGE('',*,*,#775,.T.);
#1024=ORIENTED_EDGE('',*,*,#773,.T.);
#1025=ORIENTED_EDGE('',*,*,#779,.F.);
#1026=ORIENTED_EDGE('',*,*,#780,.F.);
#1027=ORIENTED_EDGE('',*,*,#781,.F.);
#1028=ORIENTED_EDGE('',*,*,#782,.F.);
#1029=ORIENTED_EDGE('',*,*,#783,.T.);
#1030=ORIENTED_EDGE('',*,*,#784,.F.);
#1031=ORIENTED_EDGE('',*,*,#785,.F.);
#1032=ORIENTED_EDGE('',*,*,#786,.F.);
#1033=ORIENTED_EDGE('',*,*,#787,.T.);
#1034=ORIENTED_EDGE('',*,*,#788,.T.);
#1035=ORIENTED_EDGE('',*,*,#789,.T.);
#1036=ORIENTED_EDGE('',*,*,#790,.T.);
#1037=ORIENTED_EDGE('',*,*,#791,.T.);
#1038=ORIENTED_EDGE('',*,*,#792,.T.);
#1039=ORIENTED_EDGE('',*,*,#793,.T.);
#1040=ORIENTED_EDGE('',*,*,#794,.T.);
#1041=ORIENTED_EDGE('',*,*,#795,.T.);
#1042=ORIENTED_EDGE('',*,*,#796,.T.);
#1043=ORIENTED_EDGE('',*,*,#797,.T.);
#1044=ORIENTED_EDGE('',*,*,#798,.T.);
#1045=ORIENTED_EDGE('',*,*,#799,.F.);
#1046=ORIENTED_EDGE('',*,*,#800,.F.);
#1047=ORIENTED_EDGE('',*,*,#783,.F.);
#1048=ORIENTED_EDGE('',*,*,#801,.T.);
#1049=ORIENTED_EDGE('',*,*,#802,.F.);
#1050=ORIENTED_EDGE('',*,*,#803,.F.);
#1051=ORIENTED_EDGE('',*,*,#787,.F.);
#1052=ORIENTED_EDGE('',*,*,#766,.T.);
#1053=ORIENTED_EDGE('',*,*,#767,.T.);
#1054=ORIENTED_EDGE('',*,*,#760,.T.);
#1055=ORIENTED_EDGE('',*,*,#751,.T.);
#1056=ORIENTED_EDGE('',*,*,#803,.T.);
#1057=ORIENTED_EDGE('',*,*,#804,.F.);
#1058=ORIENTED_EDGE('',*,*,#805,.F.);
#1059=ORIENTED_EDGE('',*,*,#788,.F.);
#1060=ORIENTED_EDGE('',*,*,#805,.T.);
#1061=ORIENTED_EDGE('',*,*,#806,.F.);
#1062=ORIENTED_EDGE('',*,*,#807,.F.);
#1063=ORIENTED_EDGE('',*,*,#789,.F.);
#1064=ORIENTED_EDGE('',*,*,#807,.T.);
#1065=ORIENTED_EDGE('',*,*,#808,.F.);
#1066=ORIENTED_EDGE('',*,*,#809,.F.);
#1067=ORIENTED_EDGE('',*,*,#790,.F.);
#1068=ORIENTED_EDGE('',*,*,#809,.T.);
#1069=ORIENTED_EDGE('',*,*,#810,.F.);
#1070=ORIENTED_EDGE('',*,*,#811,.F.);
#1071=ORIENTED_EDGE('',*,*,#791,.F.);
#1072=ORIENTED_EDGE('',*,*,#720,.T.);
#1073=ORIENTED_EDGE('',*,*,#725,.T.);
#1074=ORIENTED_EDGE('',*,*,#724,.T.);
#1075=ORIENTED_EDGE('',*,*,#722,.T.);
#1076=ORIENTED_EDGE('',*,*,#769,.T.);
#1077=ORIENTED_EDGE('',*,*,#778,.T.);
#1078=ORIENTED_EDGE('',*,*,#779,.T.);
#1079=ORIENTED_EDGE('',*,*,#772,.T.);
#1080=ORIENTED_EDGE('',*,*,#811,.T.);
#1081=ORIENTED_EDGE('',*,*,#812,.F.);
#1082=ORIENTED_EDGE('',*,*,#813,.F.);
#1083=ORIENTED_EDGE('',*,*,#792,.F.);
#1084=ORIENTED_EDGE('',*,*,#813,.T.);
#1085=ORIENTED_EDGE('',*,*,#814,.F.);
#1086=ORIENTED_EDGE('',*,*,#815,.F.);
#1087=ORIENTED_EDGE('',*,*,#793,.F.);
#1088=ORIENTED_EDGE('',*,*,#815,.T.);
#1089=ORIENTED_EDGE('',*,*,#816,.F.);
#1090=ORIENTED_EDGE('',*,*,#817,.F.);
#1091=ORIENTED_EDGE('',*,*,#794,.F.);
#1092=ORIENTED_EDGE('',*,*,#817,.T.);
#1093=ORIENTED_EDGE('',*,*,#818,.F.);
#1094=ORIENTED_EDGE('',*,*,#819,.F.);
#1095=ORIENTED_EDGE('',*,*,#795,.F.);
#1096=ORIENTED_EDGE('',*,*,#819,.T.);
#1097=ORIENTED_EDGE('',*,*,#820,.F.);
#1098=ORIENTED_EDGE('',*,*,#821,.F.);
#1099=ORIENTED_EDGE('',*,*,#796,.F.);
#1100=ORIENTED_EDGE('',*,*,#821,.T.);
#1101=ORIENTED_EDGE('',*,*,#822,.F.);
#1102=ORIENTED_EDGE('',*,*,#823,.F.);
#1103=ORIENTED_EDGE('',*,*,#797,.F.);
#1104=ORIENTED_EDGE('',*,*,#763,.T.);
#1105=ORIENTED_EDGE('',*,*,#764,.T.);
#1106=ORIENTED_EDGE('',*,*,#756,.T.);
#1107=ORIENTED_EDGE('',*,*,#740,.T.);
#1108=ORIENTED_EDGE('',*,*,#824,.F.);
#1109=ORIENTED_EDGE('',*,*,#822,.T.);
#1110=ORIENTED_EDGE('',*,*,#820,.T.);
#1111=ORIENTED_EDGE('',*,*,#818,.T.);
#1112=ORIENTED_EDGE('',*,*,#816,.T.);
#1113=ORIENTED_EDGE('',*,*,#814,.T.);
#1114=ORIENTED_EDGE('',*,*,#812,.T.);
#1115=ORIENTED_EDGE('',*,*,#810,.T.);
#1116=ORIENTED_EDGE('',*,*,#808,.T.);
#1117=ORIENTED_EDGE('',*,*,#806,.T.);
#1118=ORIENTED_EDGE('',*,*,#804,.T.);
#1119=ORIENTED_EDGE('',*,*,#802,.T.);
#1120=ORIENTED_EDGE('',*,*,#825,.F.);
#1121=ORIENTED_EDGE('',*,*,#826,.F.);
#1122=ORIENTED_EDGE('',*,*,#827,.F.);
#1123=ORIENTED_EDGE('',*,*,#799,.T.);
#1124=ORIENTED_EDGE('',*,*,#828,.F.);
#1125=ORIENTED_EDGE('',*,*,#829,.F.);
#1126=ORIENTED_EDGE('',*,*,#780,.T.);
#1127=ORIENTED_EDGE('',*,*,#830,.F.);
#1128=ORIENTED_EDGE('',*,*,#831,.F.);
#1129=ORIENTED_EDGE('',*,*,#832,.F.);
#1130=ORIENTED_EDGE('',*,*,#824,.T.);
#1131=ORIENTED_EDGE('',*,*,#833,.F.);
#1132=ORIENTED_EDGE('',*,*,#834,.F.);
#1133=ORIENTED_EDGE('',*,*,#835,.F.);
#1134=ORIENTED_EDGE('',*,*,#781,.T.);
#1135=ORIENTED_EDGE('',*,*,#832,.T.);
#1136=ORIENTED_EDGE('',*,*,#836,.F.);
#1137=ORIENTED_EDGE('',*,*,#837,.T.);
#1138=ORIENTED_EDGE('',*,*,#829,.T.);
#1139=ORIENTED_EDGE('',*,*,#838,.T.);
#1140=ORIENTED_EDGE('',*,*,#839,.F.);
#1141=ORIENTED_EDGE('',*,*,#833,.T.);
#1142=ORIENTED_EDGE('',*,*,#782,.T.);
#1143=ORIENTED_EDGE('',*,*,#837,.F.);
#1144=ORIENTED_EDGE('',*,*,#840,.F.);
#1145=ORIENTED_EDGE('',*,*,#841,.T.);
#1146=ORIENTED_EDGE('',*,*,#828,.T.);
#1147=ORIENTED_EDGE('',*,*,#842,.T.);
#1148=ORIENTED_EDGE('',*,*,#843,.F.);
#1149=ORIENTED_EDGE('',*,*,#838,.F.);
#1150=ORIENTED_EDGE('',*,*,#836,.T.);
#1151=ORIENTED_EDGE('',*,*,#831,.T.);
#1152=ORIENTED_EDGE('',*,*,#844,.T.);
#1153=ORIENTED_EDGE('',*,*,#845,.T.);
#1154=ORIENTED_EDGE('',*,*,#846,.T.);
#1155=ORIENTED_EDGE('',*,*,#840,.T.);
#1156=ORIENTED_EDGE('',*,*,#847,.T.);
#1157=ORIENTED_EDGE('',*,*,#847,.F.);
#1158=ORIENTED_EDGE('',*,*,#848,.T.);
#1159=ORIENTED_EDGE('',*,*,#849,.F.);
#1160=ORIENTED_EDGE('',*,*,#848,.F.);
#1161=ORIENTED_EDGE('',*,*,#830,.T.);
#1162=ORIENTED_EDGE('',*,*,#823,.T.);
#1163=ORIENTED_EDGE('',*,*,#835,.T.);
#1164=ORIENTED_EDGE('',*,*,#850,.F.);
#1165=ORIENTED_EDGE('',*,*,#851,.F.);
#1166=ORIENTED_EDGE('',*,*,#844,.F.);
#1167=ORIENTED_EDGE('',*,*,#851,.T.);
#1168=ORIENTED_EDGE('',*,*,#852,.F.);
#1169=ORIENTED_EDGE('',*,*,#853,.F.);
#1170=ORIENTED_EDGE('',*,*,#845,.F.);
#1171=ORIENTED_EDGE('',*,*,#853,.T.);
#1172=ORIENTED_EDGE('',*,*,#854,.F.);
#1173=ORIENTED_EDGE('',*,*,#842,.F.);
#1174=ORIENTED_EDGE('',*,*,#798,.F.);
#1175=ORIENTED_EDGE('',*,*,#841,.F.);
#1176=ORIENTED_EDGE('',*,*,#846,.F.);
#1177=ORIENTED_EDGE('',*,*,#839,.T.);
#1178=ORIENTED_EDGE('',*,*,#843,.T.);
#1179=ORIENTED_EDGE('',*,*,#854,.T.);
#1180=ORIENTED_EDGE('',*,*,#852,.T.);
#1181=ORIENTED_EDGE('',*,*,#850,.T.);
#1182=ORIENTED_EDGE('',*,*,#834,.T.);
#1183=ORIENTED_EDGE('',*,*,#849,.T.);
#1184=ORIENTED_EDGE('',*,*,#784,.T.);
#1185=ORIENTED_EDGE('',*,*,#855,.F.);
#1186=ORIENTED_EDGE('',*,*,#856,.F.);
#1187=ORIENTED_EDGE('',*,*,#857,.F.);
#1188=ORIENTED_EDGE('',*,*,#827,.T.);
#1189=ORIENTED_EDGE('',*,*,#858,.F.);
#1190=ORIENTED_EDGE('',*,*,#859,.F.);
#1191=ORIENTED_EDGE('',*,*,#860,.F.);
#1192=ORIENTED_EDGE('',*,*,#785,.T.);
#1193=ORIENTED_EDGE('',*,*,#857,.T.);
#1194=ORIENTED_EDGE('',*,*,#861,.F.);
#1195=ORIENTED_EDGE('',*,*,#862,.T.);
#1196=ORIENTED_EDGE('',*,*,#826,.T.);
#1197=ORIENTED_EDGE('',*,*,#863,.T.);
#1198=ORIENTED_EDGE('',*,*,#864,.F.);
#1199=ORIENTED_EDGE('',*,*,#858,.T.);
#1200=ORIENTED_EDGE('',*,*,#786,.T.);
#1201=ORIENTED_EDGE('',*,*,#862,.F.);
#1202=ORIENTED_EDGE('',*,*,#865,.F.);
#1203=ORIENTED_EDGE('',*,*,#866,.T.);
#1204=ORIENTED_EDGE('',*,*,#825,.T.);
#1205=ORIENTED_EDGE('',*,*,#867,.T.);
#1206=ORIENTED_EDGE('',*,*,#868,.F.);
#1207=ORIENTED_EDGE('',*,*,#863,.F.);
#1208=ORIENTED_EDGE('',*,*,#861,.T.);
#1209=ORIENTED_EDGE('',*,*,#856,.T.);
#1210=ORIENTED_EDGE('',*,*,#869,.T.);
#1211=ORIENTED_EDGE('',*,*,#870,.T.);
#1212=ORIENTED_EDGE('',*,*,#871,.T.);
#1213=ORIENTED_EDGE('',*,*,#865,.T.);
#1214=ORIENTED_EDGE('',*,*,#872,.T.);
#1215=ORIENTED_EDGE('',*,*,#872,.F.);
#1216=ORIENTED_EDGE('',*,*,#873,.T.);
#1217=ORIENTED_EDGE('',*,*,#874,.F.);
#1218=ORIENTED_EDGE('',*,*,#873,.F.);
#1219=ORIENTED_EDGE('',*,*,#855,.T.);
#1220=ORIENTED_EDGE('',*,*,#800,.T.);
#1221=ORIENTED_EDGE('',*,*,#860,.T.);
#1222=ORIENTED_EDGE('',*,*,#875,.F.);
#1223=ORIENTED_EDGE('',*,*,#876,.F.);
#1224=ORIENTED_EDGE('',*,*,#869,.F.);
#1225=ORIENTED_EDGE('',*,*,#876,.T.);
#1226=ORIENTED_EDGE('',*,*,#877,.F.);
#1227=ORIENTED_EDGE('',*,*,#878,.F.);
#1228=ORIENTED_EDGE('',*,*,#870,.F.);
#1229=ORIENTED_EDGE('',*,*,#878,.T.);
#1230=ORIENTED_EDGE('',*,*,#879,.F.);
#1231=ORIENTED_EDGE('',*,*,#867,.F.);
#1232=ORIENTED_EDGE('',*,*,#801,.F.);
#1233=ORIENTED_EDGE('',*,*,#866,.F.);
#1234=ORIENTED_EDGE('',*,*,#871,.F.);
#1235=ORIENTED_EDGE('',*,*,#864,.T.);
#1236=ORIENTED_EDGE('',*,*,#868,.T.);
#1237=ORIENTED_EDGE('',*,*,#879,.T.);
#1238=ORIENTED_EDGE('',*,*,#877,.T.);
#1239=ORIENTED_EDGE('',*,*,#875,.T.);
#1240=ORIENTED_EDGE('',*,*,#859,.T.);
#1241=ORIENTED_EDGE('',*,*,#874,.T.);
#1242=ORIENTED_EDGE('',*,*,#880,.T.);
#1243=ORIENTED_EDGE('',*,*,#881,.T.);
#1244=ORIENTED_EDGE('',*,*,#882,.T.);
#1245=ORIENTED_EDGE('',*,*,#883,.T.);
#1246=ORIENTED_EDGE('',*,*,#883,.F.);
#1247=ORIENTED_EDGE('',*,*,#884,.F.);
#1248=ORIENTED_EDGE('',*,*,#885,.F.);
#1249=ORIENTED_EDGE('',*,*,#886,.F.);
#1250=ORIENTED_EDGE('',*,*,#882,.F.);
#1251=ORIENTED_EDGE('',*,*,#887,.F.);
#1252=ORIENTED_EDGE('',*,*,#888,.F.);
#1253=ORIENTED_EDGE('',*,*,#889,.F.);
#1254=ORIENTED_EDGE('',*,*,#890,.F.);
#1255=ORIENTED_EDGE('',*,*,#884,.T.);
#1256=ORIENTED_EDGE('',*,*,#890,.T.);
#1257=ORIENTED_EDGE('',*,*,#891,.T.);
#1258=ORIENTED_EDGE('',*,*,#892,.T.);
#1259=ORIENTED_EDGE('',*,*,#885,.T.);
#1260=ORIENTED_EDGE('',*,*,#881,.F.);
#1261=ORIENTED_EDGE('',*,*,#893,.T.);
#1262=ORIENTED_EDGE('',*,*,#894,.T.);
#1263=ORIENTED_EDGE('',*,*,#895,.T.);
#1264=ORIENTED_EDGE('',*,*,#896,.T.);
#1265=ORIENTED_EDGE('',*,*,#897,.T.);
#1266=ORIENTED_EDGE('',*,*,#898,.T.);
#1267=ORIENTED_EDGE('',*,*,#887,.T.);
#1268=ORIENTED_EDGE('',*,*,#880,.F.);
#1269=ORIENTED_EDGE('',*,*,#886,.T.);
#1270=ORIENTED_EDGE('',*,*,#892,.F.);
#1271=ORIENTED_EDGE('',*,*,#899,.F.);
#1272=ORIENTED_EDGE('',*,*,#900,.F.);
#1273=ORIENTED_EDGE('',*,*,#893,.F.);
#1274=ORIENTED_EDGE('',*,*,#891,.F.);
#1275=ORIENTED_EDGE('',*,*,#889,.T.);
#1276=ORIENTED_EDGE('',*,*,#901,.T.);
#1277=ORIENTED_EDGE('',*,*,#902,.T.);
#1278=ORIENTED_EDGE('',*,*,#903,.T.);
#1279=ORIENTED_EDGE('',*,*,#904,.T.);
#1280=ORIENTED_EDGE('',*,*,#905,.T.);
#1281=ORIENTED_EDGE('',*,*,#899,.T.);
#1282=ORIENTED_EDGE('',*,*,#900,.T.);
#1283=ORIENTED_EDGE('',*,*,#905,.F.);
#1284=ORIENTED_EDGE('',*,*,#906,.F.);
#1285=ORIENTED_EDGE('',*,*,#894,.F.);
#1286=ORIENTED_EDGE('',*,*,#906,.T.);
#1287=ORIENTED_EDGE('',*,*,#904,.F.);
#1288=ORIENTED_EDGE('',*,*,#907,.F.);
#1289=ORIENTED_EDGE('',*,*,#895,.F.);
#1290=ORIENTED_EDGE('',*,*,#907,.T.);
#1291=ORIENTED_EDGE('',*,*,#903,.F.);
#1292=ORIENTED_EDGE('',*,*,#908,.F.);
#1293=ORIENTED_EDGE('',*,*,#896,.F.);
#1294=ORIENTED_EDGE('',*,*,#908,.T.);
#1295=ORIENTED_EDGE('',*,*,#902,.F.);
#1296=ORIENTED_EDGE('',*,*,#909,.F.);
#1297=ORIENTED_EDGE('',*,*,#897,.F.);
#1298=ORIENTED_EDGE('',*,*,#909,.T.);
#1299=ORIENTED_EDGE('',*,*,#901,.F.);
#1300=ORIENTED_EDGE('',*,*,#888,.T.);
#1301=ORIENTED_EDGE('',*,*,#898,.F.);
#1302=PLANE('',#1454);
#1303=PLANE('',#1455);
#1304=PLANE('',#1456);
#1305=PLANE('',#1457);
#1306=PLANE('',#1458);
#1307=PLANE('',#1465);
#1308=PLANE('',#1466);
#1309=PLANE('',#1467);
#1310=PLANE('',#1468);
#1311=PLANE('',#1469);
#1312=PLANE('',#1470);
#1313=PLANE('',#1471);
#1314=PLANE('',#1472);
#1315=PLANE('',#1473);
#1316=PLANE('',#1474);
#1317=PLANE('',#1475);
#1318=PLANE('',#1476);
#1319=PLANE('',#1477);
#1320=PLANE('',#1478);
#1321=PLANE('',#1479);
#1322=PLANE('',#1481);
#1323=PLANE('',#1484);
#1324=PLANE('',#1485);
#1325=PLANE('',#1486);
#1326=PLANE('',#1493);
#1327=PLANE('',#1494);
#1328=PLANE('',#1497);
#1329=PLANE('',#1500);
#1330=PLANE('',#1501);
#1331=PLANE('',#1502);
#1332=PLANE('',#1505);
#1333=PLANE('',#1508);
#1334=PLANE('',#1509);
#1335=PLANE('',#1512);
#1336=PLANE('',#1513);
#1337=PLANE('',#1518);
#1338=PLANE('',#1519);
#1339=PLANE('',#1520);
#1340=PLANE('',#1524);
#1341=PLANE('',#1525);
#1342=PLANE('',#1526);
#1343=PLANE('',#1527);
#1344=PLANE('',#1528);
#1345=PLANE('',#1529);
#1346=PLANE('',#1534);
#1347=PLANE('',#1535);
#1348=PLANE('',#1536);
#1349=PLANE('',#1540);
#1350=PLANE('',#1541);
#1351=PLANE('',#1542);
#1352=PLANE('',#1543);
#1353=PLANE('',#1544);
#1354=PLANE('',#1545);
#1355=PLANE('',#1546);
#1356=PLANE('',#1547);
#1357=PLANE('',#1548);
#1358=PLANE('',#1551);
#1359=PLANE('',#1552);
#1360=PLANE('',#1556);
#1361=PLANE('',#1557);
#1362=PLANE('',#1558);
#1363=ADVANCED_FACE('',(#90),#1302,.F.);
#1364=ADVANCED_FACE('',(#91),#1303,.T.);
#1365=ADVANCED_FACE('',(#92),#1304,.T.);
#1366=ADVANCED_FACE('',(#93),#1305,.T.);
#1367=ADVANCED_FACE('',(#94),#1306,.T.);
#1368=ADVANCED_FACE('',(#95),#57,.F.);
#1369=ADVANCED_FACE('',(#96),#58,.F.);
#1370=ADVANCED_FACE('',(#97),#1307,.T.);
#1371=ADVANCED_FACE('',(#98),#1308,.T.);
#1372=ADVANCED_FACE('',(#99,#15),#1309,.T.);
#1373=ADVANCED_FACE('',(#100),#1310,.T.);
#1374=ADVANCED_FACE('',(#101),#1311,.T.);
#1375=ADVANCED_FACE('',(#102,#16),#1312,.T.);
#1376=ADVANCED_FACE('',(#103),#1313,.T.);
#1377=ADVANCED_FACE('',(#104),#1314,.T.);
#1378=ADVANCED_FACE('',(#105),#1315,.T.);
#1379=ADVANCED_FACE('',(#106),#1316,.T.);
#1380=ADVANCED_FACE('',(#107),#1317,.T.);
#1381=ADVANCED_FACE('',(#108,#17),#1318,.T.);
#1382=ADVANCED_FACE('',(#109),#1319,.T.);
#1383=ADVANCED_FACE('',(#110,#18),#1320,.T.);
#1384=ADVANCED_FACE('',(#111),#1321,.F.);
#1385=ADVANCED_FACE('',(#112),#1322,.T.);
#1386=ADVANCED_FACE('',(#113),#59,.T.);
#1387=ADVANCED_FACE('',(#114),#1323,.T.);
#1388=ADVANCED_FACE('',(#115),#1324,.T.);
#1389=ADVANCED_FACE('',(#116),#1325,.F.);
#1390=ADVANCED_FACE('',(#117),#1326,.T.);
#1391=ADVANCED_FACE('',(#118,#19),#1327,.T.);
#1392=ADVANCED_FACE('',(#119),#60,.T.);
#1393=ADVANCED_FACE('',(#120),#1328,.T.);
#1394=ADVANCED_FACE('',(#121),#61,.T.);
#1395=ADVANCED_FACE('',(#122,#20,#21),#1329,.T.);
#1396=ADVANCED_FACE('',(#123),#1330,.T.);
#1397=ADVANCED_FACE('',(#124),#1331,.T.);
#1398=ADVANCED_FACE('',(#125),#62,.T.);
#1399=ADVANCED_FACE('',(#126),#1332,.T.);
#1400=ADVANCED_FACE('',(#127),#63,.T.);
#1401=ADVANCED_FACE('',(#128,#22),#1333,.T.);
#1402=ADVANCED_FACE('',(#129),#1334,.T.);
#1403=ADVANCED_FACE('',(#130),#1335,.T.);
#1404=ADVANCED_FACE('',(#131),#1336,.T.);
#1405=ADVANCED_FACE('',(#132),#64,.T.);
#1406=ADVANCED_FACE('',(#133),#65,.T.);
#1407=ADVANCED_FACE('',(#134),#1337,.T.);
#1408=ADVANCED_FACE('',(#135),#1338,.T.);
#1409=ADVANCED_FACE('',(#136,#23),#1339,.F.);
#1410=ADVANCED_FACE('',(#137),#66,.F.);
#1411=ADVANCED_FACE('',(#138),#1340,.T.);
#1412=ADVANCED_FACE('',(#139),#1341,.T.);
#1413=ADVANCED_FACE('',(#140),#1342,.T.);
#1414=ADVANCED_FACE('',(#141,#24),#1343,.T.);
#1415=ADVANCED_FACE('',(#142),#1344,.T.);
#1416=ADVANCED_FACE('',(#143),#1345,.T.);
#1417=ADVANCED_FACE('',(#144),#67,.T.);
#1418=ADVANCED_FACE('',(#145),#68,.T.);
#1419=ADVANCED_FACE('',(#146),#1346,.T.);
#1420=ADVANCED_FACE('',(#147),#1347,.T.);
#1421=ADVANCED_FACE('',(#148,#25),#1348,.F.);
#1422=ADVANCED_FACE('',(#149),#69,.F.);
#1423=ADVANCED_FACE('',(#150),#1349,.T.);
#1424=ADVANCED_FACE('',(#151),#1350,.T.);
#1425=ADVANCED_FACE('',(#152),#1351,.T.);
#1426=ADVANCED_FACE('',(#153,#26),#1352,.T.);
#1427=ADVANCED_FACE('',(#154),#1353,.T.);
#1428=ADVANCED_FACE('',(#155),#1354,.F.);
#1429=ADVANCED_FACE('',(#156),#1355,.T.);
#1430=ADVANCED_FACE('',(#157),#1356,.T.);
#1431=ADVANCED_FACE('',(#158),#1357,.F.);
#1432=ADVANCED_FACE('',(#159),#1358,.T.);
#1433=ADVANCED_FACE('',(#160),#1359,.T.);
#1434=ADVANCED_FACE('',(#161),#70,.F.);
#1435=ADVANCED_FACE('',(#162),#1360,.T.);
#1436=ADVANCED_FACE('',(#163),#1361,.T.);
#1437=ADVANCED_FACE('',(#164),#1362,.T.);
#1438=ADVANCED_FACE('',(#165),#71,.T.);
#1439=CLOSED_SHELL('',(#1363,#1364,#1365,#1366,#1367,#1368,#1369,#1370,
#1371,#1372,#1373,#1374,#1375,#1376,#1377,#1378,#1379,#1380,#1381,#1382,
#1383,#1384,#1385,#1386,#1387,#1388,#1389,#1390,#1391,#1392,#1393,#1394,
#1395,#1396,#1397,#1398,#1399,#1400,#1401,#1402,#1403,#1404,#1405,#1406,
#1407,#1408,#1409,#1410,#1411,#1412,#1413,#1414,#1415,#1416,#1417,#1418,
#1419,#1420,#1421,#1422,#1423,#1424,#1425,#1426));
#1440=CLOSED_SHELL('',(#1427,#1428,#1429,#1430,#1431,#1432,#1433,#1434,
#1435,#1436,#1437,#1438));
#1441=DERIVED_UNIT_ELEMENT(#1443,1.);
#1442=DERIVED_UNIT_ELEMENT(#2346,-3.);
#1443=(
MASS_UNIT()
NAMED_UNIT(*)
SI_UNIT(.KILO.,.GRAM.)
);
#1444=DERIVED_UNIT((#1441,#1442));
#1445=MEASURE_REPRESENTATION_ITEM('density measure',
POSITIVE_RATIO_MEASURE(7850.),#1444);
#1446=PROPERTY_DEFINITION_REPRESENTATION(#1451,#1448);
#1447=PROPERTY_DEFINITION_REPRESENTATION(#1452,#1449);
#1448=REPRESENTATION('material name',(#1450),#2343);
#1449=REPRESENTATION('density',(#1445),#2343);
#1450=DESCRIPTIVE_REPRESENTATION_ITEM('Steel','Steel');
#1451=PROPERTY_DEFINITION('material property','material name',#2353);
#1452=PROPERTY_DEFINITION('material property','density of part',#2353);
#1453=AXIS2_PLACEMENT_3D('',#1940,#1560,#1561);
#1454=AXIS2_PLACEMENT_3D('',#1941,#1562,#1563);
#1455=AXIS2_PLACEMENT_3D('',#1950,#1568,#1569);
#1456=AXIS2_PLACEMENT_3D('',#1956,#1573,#1574);
#1457=AXIS2_PLACEMENT_3D('',#1960,#1577,#1578);
#1458=AXIS2_PLACEMENT_3D('',#1964,#1581,#1582);
#1459=AXIS2_PLACEMENT_3D('',#1966,#1584,#1585);
#1460=AXIS2_PLACEMENT_3D('',#1968,#1586,#1587);
#1461=AXIS2_PLACEMENT_3D('',#1971,#1589,#1590);
#1462=AXIS2_PLACEMENT_3D('',#1972,#1591,#1592);
#1463=AXIS2_PLACEMENT_3D('',#1974,#1593,#1594);
#1464=AXIS2_PLACEMENT_3D('',#1977,#1596,#1597);
#1465=AXIS2_PLACEMENT_3D('',#1978,#1598,#1599);
#1466=AXIS2_PLACEMENT_3D('',#1987,#1604,#1605);
#1467=AXIS2_PLACEMENT_3D('',#1993,#1609,#1610);
#1468=AXIS2_PLACEMENT_3D('',#2001,#1615,#1616);
#1469=AXIS2_PLACEMENT_3D('',#2010,#1621,#1622);
#1470=AXIS2_PLACEMENT_3D('',#2016,#1626,#1627);
#1471=AXIS2_PLACEMENT_3D('',#2024,#1632,#1633);
#1472=AXIS2_PLACEMENT_3D('',#2028,#1636,#1637);
#1473=AXIS2_PLACEMENT_3D('',#2032,#1640,#1641);
#1474=AXIS2_PLACEMENT_3D('',#2036,#1644,#1645);
#1475=AXIS2_PLACEMENT_3D('',#2040,#1648,#1649);
#1476=AXIS2_PLACEMENT_3D('',#2044,#1652,#1653);
#1477=AXIS2_PLACEMENT_3D('',#2046,#1655,#1656);
#1478=AXIS2_PLACEMENT_3D('',#2050,#1659,#1660);
#1479=AXIS2_PLACEMENT_3D('',#2052,#1662,#1663);
#1480=AXIS2_PLACEMENT_3D('',#2060,#1667,#1668);
#1481=AXIS2_PLACEMENT_3D('',#2061,#1669,#1670);
#1482=AXIS2_PLACEMENT_3D('',#2067,#1674,#1675);
#1483=AXIS2_PLACEMENT_3D('',#2069,#1676,#1677);
#1484=AXIS2_PLACEMENT_3D('',#2071,#1679,#1680);
#1485=AXIS2_PLACEMENT_3D('',#2075,#1683,#1684);
#1486=AXIS2_PLACEMENT_3D('',#2077,#1686,#1687);
#1487=AXIS2_PLACEMENT_3D('',#2082,#1689,#1690);
#1488=AXIS2_PLACEMENT_3D('',#2090,#1694,#1695);
#1489=AXIS2_PLACEMENT_3D('',#2096,#1698,#1699);
#1490=AXIS2_PLACEMENT_3D('',#2100,#1701,#1702);
#1491=AXIS2_PLACEMENT_3D('',#2108,#1706,#1707);
#1492=AXIS2_PLACEMENT_3D('',#2112,#1709,#1710);
#1493=AXIS2_PLACEMENT_3D('',#2114,#1712,#1713);
#1494=AXIS2_PLACEMENT_3D('',#2120,#1717,#1718);
#1495=AXIS2_PLACEMENT_3D('',#2126,#1722,#1723);
#1496=AXIS2_PLACEMENT_3D('',#2128,#1724,#1725);
#1497=AXIS2_PLACEMENT_3D('',#2130,#1727,#1728);
#1498=AXIS2_PLACEMENT_3D('',#2134,#1731,#1732);
#1499=AXIS2_PLACEMENT_3D('',#2136,#1733,#1734);
#1500=AXIS2_PLACEMENT_3D('',#2138,#1736,#1737);
#1501=AXIS2_PLACEMENT_3D('',#2142,#1740,#1741);
#1502=AXIS2_PLACEMENT_3D('',#2146,#1744,#1745);
#1503=AXIS2_PLACEMENT_3D('',#2150,#1748,#1749);
#1504=AXIS2_PLACEMENT_3D('',#2152,#1750,#1751);
#1505=AXIS2_PLACEMENT_3D('',#2154,#1753,#1754);
#1506=AXIS2_PLACEMENT_3D('',#2158,#1757,#1758);
#1507=AXIS2_PLACEMENT_3D('',#2160,#1759,#1760);
#1508=AXIS2_PLACEMENT_3D('',#2162,#1762,#1763);
#1509=AXIS2_PLACEMENT_3D('',#2166,#1766,#1767);
#1510=AXIS2_PLACEMENT_3D('',#2172,#1770,#1771);
#1511=AXIS2_PLACEMENT_3D('',#2176,#1774,#1775);
#1512=AXIS2_PLACEMENT_3D('',#2177,#1776,#1777);
#1513=AXIS2_PLACEMENT_3D('',#2183,#1781,#1782);
#1514=AXIS2_PLACEMENT_3D('',#2189,#1786,#1787);
#1515=AXIS2_PLACEMENT_3D('',#2191,#1788,#1789);
#1516=AXIS2_PLACEMENT_3D('',#2193,#1791,#1792);
#1517=AXIS2_PLACEMENT_3D('',#2196,#1794,#1795);
#1518=AXIS2_PLACEMENT_3D('',#2197,#1796,#1797);
#1519=AXIS2_PLACEMENT_3D('',#2201,#1800,#1801);
#1520=AXIS2_PLACEMENT_3D('',#2205,#1804,#1805);
#1521=AXIS2_PLACEMENT_3D('',#2212,#1809,#1810);
#1522=AXIS2_PLACEMENT_3D('',#2213,#1811,#1812);
#1523=AXIS2_PLACEMENT_3D('',#2216,#1814,#1815);
#1524=AXIS2_PLACEMENT_3D('',#2217,#1816,#1817);
#1525=AXIS2_PLACEMENT_3D('',#2221,#1820,#1821);
#1526=AXIS2_PLACEMENT_3D('',#2225,#1824,#1825);
#1527=AXIS2_PLACEMENT_3D('',#2227,#1827,#1828);
#1528=AXIS2_PLACEMENT_3D('',#2228,#1829,#1830);
#1529=AXIS2_PLACEMENT_3D('',#2234,#1834,#1835);
#1530=AXIS2_PLACEMENT_3D('',#2240,#1839,#1840);
#1531=AXIS2_PLACEMENT_3D('',#2242,#1841,#1842);
#1532=AXIS2_PLACEMENT_3D('',#2244,#1844,#1845);
#1533=AXIS2_PLACEMENT_3D('',#2247,#1847,#1848);
#1534=AXIS2_PLACEMENT_3D('',#2248,#1849,#1850);
#1535=AXIS2_PLACEMENT_3D('',#2252,#1853,#1854);
#1536=AXIS2_PLACEMENT_3D('',#2256,#1857,#1858);
#1537=AXIS2_PLACEMENT_3D('',#2263,#1862,#1863);
#1538=AXIS2_PLACEMENT_3D('',#2264,#1864,#1865);
#1539=AXIS2_PLACEMENT_3D('',#2267,#1867,#1868);
#1540=AXIS2_PLACEMENT_3D('',#2268,#1869,#1870);
#1541=AXIS2_PLACEMENT_3D('',#2272,#1873,#1874);
#1542=AXIS2_PLACEMENT_3D('',#2276,#1877,#1878);
#1543=AXIS2_PLACEMENT_3D('',#2278,#1880,#1881);
#1544=AXIS2_PLACEMENT_3D('',#2279,#1882,#1883);
#1545=AXIS2_PLACEMENT_3D('',#2288,#1888,#1889);
#1546=AXIS2_PLACEMENT_3D('',#2294,#1893,#1894);
#1547=AXIS2_PLACEMENT_3D('',#2302,#1899,#1900);
#1548=AXIS2_PLACEMENT_3D('',#2306,#1903,#1904);
#1549=AXIS2_PLACEMENT_3D('',#2310,#1906,#1907);
#1550=AXIS2_PLACEMENT_3D('',#2317,#1911,#1912);
#1551=AXIS2_PLACEMENT_3D('',#2318,#1913,#1914);
#1552=AXIS2_PLACEMENT_3D('',#2322,#1917,#1918);
#1553=AXIS2_PLACEMENT_3D('',#2324,#1919,#1920);
#1554=AXIS2_PLACEMENT_3D('',#2331,#1924,#1925);
#1555=AXIS2_PLACEMENT_3D('',#2332,#1926,#1927);
#1556=AXIS2_PLACEMENT_3D('',#2334,#1929,#1930);
#1557=AXIS2_PLACEMENT_3D('',#2336,#1932,#1933);
#1558=AXIS2_PLACEMENT_3D('',#2338,#1935,#1936);
#1559=AXIS2_PLACEMENT_3D('',#2340,#1938,#1939);
#1560=DIRECTION('axis',(0.,0.,1.));
#1561=DIRECTION('refdir',(1.,0.,0.));
#1562=DIRECTION('center_axis',(-1.09476442525376E-47,-1.,2.22044604925031E-16));
#1563=DIRECTION('ref_axis',(1.,-4.93038065763131E-32,-2.22044604925031E-16));
#1564=DIRECTION('',(2.22044604925031E-16,2.22044604925031E-16,1.));
#1565=DIRECTION('',(1.,-4.93038065763132E-32,-2.22044604925031E-16));
#1566=DIRECTION('',(-2.22044604925031E-16,-2.22044604925031E-16,-1.));
#1567=DIRECTION('',(-1.,4.93038065763132E-32,2.22044604925031E-16));
#1568=DIRECTION('center_axis',(2.22044604925031E-16,2.22044604925031E-16,
1.));
#1569=DIRECTION('ref_axis',(-1.09476442525376E-47,-1.,2.22044604925031E-16));
#1570=DIRECTION('',(1.09476442525376E-47,1.,-2.22044604925031E-16));
#1571=DIRECTION('',(1.09476442525376E-47,1.,-2.22044604925031E-16));
#1572=DIRECTION('',(1.,-4.93038065763132E-32,-2.22044604925031E-16));
#1573=DIRECTION('center_axis',(1.,-4.93038065763132E-32,-2.22044604925031E-16));
#1574=DIRECTION('ref_axis',(9.30549761465699E-47,1.,-2.22044604925031E-16));
#1575=DIRECTION('',(1.09476442525376E-47,1.,-2.22044604925031E-16));
#1576=DIRECTION('',(-2.22044604925031E-16,-2.22044604925031E-16,-1.));
#1577=DIRECTION('center_axis',(-2.22044604925031E-16,-2.22044604925031E-16,
-1.));
#1578=DIRECTION('ref_axis',(1.09476442525376E-47,1.,-2.22044604925031E-16));
#1579=DIRECTION('',(1.09476442525376E-47,1.,-2.22044604925031E-16));
#1580=DIRECTION('',(-1.,4.93038065763132E-32,2.22044604925031E-16));
#1581=DIRECTION('center_axis',(-1.,4.93038065763132E-32,2.22044604925031E-16));
#1582=DIRECTION('ref_axis',(-9.30549761465699E-47,-1.,2.22044604925031E-16));
#1583=DIRECTION('',(2.22044604925031E-16,2.22044604925031E-16,1.));
#1584=DIRECTION('center_axis',(-2.22044604925031E-16,0.,-1.));
#1585=DIRECTION('ref_axis',(-1.,4.93038065763132E-32,2.22044604925031E-16));
#1586=DIRECTION('center_axis',(-2.22044604925031E-16,-2.22044604925031E-16,
-1.));
#1587=DIRECTION('ref_axis',(-1.,4.93038065763132E-32,2.22044604925031E-16));
#1588=DIRECTION('',(-2.22044604925031E-16,0.,-1.));
#1589=DIRECTION('center_axis',(2.22044604925031E-16,2.22044604925031E-16,
1.));
#1590=DIRECTION('ref_axis',(-1.,4.93038065763132E-32,2.22044604925031E-16));
#1591=DIRECTION('center_axis',(-2.22044604925031E-16,0.,-1.));
#1592=DIRECTION('ref_axis',(-1.,4.93038065763132E-32,2.22044604925031E-16));
#1593=DIRECTION('center_axis',(-2.22044604925031E-16,-2.22044604925031E-16,
-1.));
#1594=DIRECTION('ref_axis',(-1.,4.93038065763132E-32,2.22044604925031E-16));
#1595=DIRECTION('',(-2.22044604925031E-16,0.,-1.));
#1596=DIRECTION('center_axis',(2.22044604925031E-16,2.22044604925031E-16,
1.));
#1597=DIRECTION('ref_axis',(-1.,4.93038065763132E-32,2.22044604925031E-16));
#1598=DIRECTION('center_axis',(0.707106781186548,-0.707106781186547,-1.4791141972894E-31));
#1599=DIRECTION('ref_axis',(2.22044604925031E-16,2.22044604925031E-16,1.));
#1600=DIRECTION('',(0.707106781186547,0.707106781186548,-3.14018491736755E-16));
#1601=DIRECTION('',(2.22044604925031E-16,2.22044604925031E-16,1.));
#1602=DIRECTION('',(-0.707106781186547,-0.707106781186548,3.14018491736755E-16));
#1603=DIRECTION('',(-2.22044604925031E-16,-2.22044604925031E-16,-1.));
#1604=DIRECTION('center_axis',(-1.09476442525376E-47,-1.,2.22044604925031E-16));
#1605=DIRECTION('ref_axis',(2.22044604925031E-16,2.22044604925031E-16,1.));
#1606=DIRECTION('',(-1.,4.93038065763132E-32,2.22044604925031E-16));
#1607=DIRECTION('',(2.22044604925031E-16,2.22044604925031E-16,1.));
#1608=DIRECTION('',(-1.,4.93038065763132E-32,2.22044604925031E-16));
#1609=DIRECTION('center_axis',(2.22044604925031E-16,2.22044604925031E-16,
1.));
#1610=DIRECTION('ref_axis',(1.09476442525376E-47,1.,-2.22044604925031E-16));
#1611=DIRECTION('',(-1.09476442525376E-47,-1.,2.22044604925031E-16));
#1612=DIRECTION('',(1.,-4.93038065763132E-32,-2.22044604925031E-16));
#1613=DIRECTION('',(1.09476442525376E-47,1.,-2.22044604925031E-16));
#1614=DIRECTION('',(-0.707106781186547,0.707106781186548,-1.4791141972894E-31));
#1615=DIRECTION('center_axis',(0.707106781186548,-0.707106781186547,-1.4791141972894E-31));
#1616=DIRECTION('ref_axis',(2.22044604925031E-16,2.22044604925031E-16,1.));
#1617=DIRECTION('',(0.707106781186547,0.707106781186548,-3.14018491736755E-16));
#1618=DIRECTION('',(2.22044604925031E-16,2.22044604925031E-16,1.));
#1619=DIRECTION('',(-0.707106781186547,-0.707106781186548,3.14018491736755E-16));
#1620=DIRECTION('',(-2.22044604925031E-16,-2.22044604925031E-16,-1.));
#1621=DIRECTION('center_axis',(-1.09476442525376E-47,-1.,2.22044604925031E-16));
#1622=DIRECTION('ref_axis',(2.22044604925031E-16,2.22044604925031E-16,1.));
#1623=DIRECTION('',(-1.,4.93038065763132E-32,2.22044604925031E-16));
#1624=DIRECTION('',(2.22044604925031E-16,2.22044604925031E-16,1.));
#1625=DIRECTION('',(-1.,4.93038065763132E-32,2.22044604925031E-16));
#1626=DIRECTION('center_axis',(2.22044604925031E-16,2.22044604925031E-16,
1.));
#1627=DIRECTION('ref_axis',(1.09476442525376E-47,1.,-2.22044604925031E-16));
#1628=DIRECTION('',(-1.09476442525376E-47,-1.,2.22044604925031E-16));
#1629=DIRECTION('',(1.,-4.93038065763132E-32,-2.22044604925031E-16));
#1630=DIRECTION('',(1.09476442525376E-47,1.,-2.22044604925031E-16));
#1631=DIRECTION('',(-0.707106781186547,0.707106781186548,-1.4791141972894E-31));
#1632=DIRECTION('center_axis',(-0.707106781186548,-0.707106781186547,3.14018491736755E-16));
#1633=DIRECTION('ref_axis',(2.22044604925031E-16,2.22044604925031E-16,1.));
#1634=DIRECTION('',(-2.22044604925031E-16,-2.22044604925031E-16,-1.));
#1635=DIRECTION('',(0.707106781186547,-0.707106781186548,1.4791141972894E-31));
#1636=DIRECTION('center_axis',(-1.,4.93038065763132E-32,2.22044604925031E-16));
#1637=DIRECTION('ref_axis',(-9.30549761465699E-47,-1.,2.22044604925031E-16));
#1638=DIRECTION('',(2.22044604925031E-16,-6.19207854931649E-17,1.));
#1639=DIRECTION('',(-1.09476442525376E-47,-1.,2.22044604925031E-16));
#1640=DIRECTION('center_axis',(-0.707106781186548,-0.707106781186547,3.14018491736755E-16));
#1641=DIRECTION('ref_axis',(2.22044604925031E-16,2.22044604925031E-16,1.));
#1642=DIRECTION('',(-2.22044604925031E-16,-2.22044604925031E-16,-1.));
#1643=DIRECTION('',(0.707106781186547,-0.707106781186548,1.4791141972894E-31));
#1644=DIRECTION('center_axis',(-1.,4.93038065763132E-32,2.22044604925031E-16));
#1645=DIRECTION('ref_axis',(-9.30549761465699E-47,-1.,2.22044604925031E-16));
#1646=DIRECTION('',(2.22044604925031E-16,-6.26279654916775E-17,1.));
#1647=DIRECTION('',(-1.09476442525376E-47,-1.,2.22044604925031E-16));
#1648=DIRECTION('center_axis',(1.,-4.93038065763132E-32,-2.22044604925031E-16));
#1649=DIRECTION('ref_axis',(9.30549761465699E-47,1.,-2.22044604925031E-16));
#1650=DIRECTION('',(1.09476442525376E-47,1.,-2.22044604925031E-16));
#1651=DIRECTION('',(-2.22044604925031E-16,6.19207854931649E-17,-1.));
#1652=DIRECTION('center_axis',(-2.22044604925031E-16,-2.22044604925031E-16,
-1.));
#1653=DIRECTION('ref_axis',(-1.09476442525376E-47,-1.,2.22044604925031E-16));
#1654=DIRECTION('',(-1.,4.93038065763132E-32,2.22044604925031E-16));
#1655=DIRECTION('center_axis',(1.,-4.93038065763132E-32,-2.22044604925031E-16));
#1656=DIRECTION('ref_axis',(9.30549761465699E-47,1.,-2.22044604925031E-16));
#1657=DIRECTION('',(1.09476442525376E-47,1.,-2.22044604925031E-16));
#1658=DIRECTION('',(-2.22044604925031E-16,6.26279654916775E-17,-1.));
#1659=DIRECTION('center_axis',(-2.22044604925031E-16,-2.22044604925031E-16,
-1.));
#1660=DIRECTION('ref_axis',(-1.09476442525376E-47,-1.,2.22044604925031E-16));
#1661=DIRECTION('',(-1.,4.93038065763132E-32,2.22044604925031E-16));
#1662=DIRECTION('center_axis',(-1.,4.93038065763132E-32,2.22044604925031E-16));
#1663=DIRECTION('ref_axis',(2.22044604925031E-16,2.22044604925031E-16,1.));
#1664=DIRECTION('',(-1.09476442525376E-47,-1.,2.22044604925031E-16));
#1665=DIRECTION('',(2.22044604925031E-16,2.22044604925031E-16,1.));
#1666=DIRECTION('',(1.09476442525376E-47,1.,-2.22044604925031E-16));
#1667=DIRECTION('center_axis',(1.,-4.93038065763132E-32,-2.22044604925031E-16));
#1668=DIRECTION('ref_axis',(2.22044604925031E-16,2.22044604925031E-16,1.));
#1669=DIRECTION('center_axis',(-2.22044604925031E-16,-2.22044604925031E-16,
-1.));
#1670=DIRECTION('ref_axis',(-1.09476442525376E-47,-1.,2.22044604925031E-16));
#1671=DIRECTION('',(1.,-4.93038065763132E-32,-2.22044604925031E-16));
#1672=DIRECTION('',(-1.09476442525376E-47,-1.,2.22044604925031E-16));
#1673=DIRECTION('',(-1.,4.93038065763132E-32,2.22044604925031E-16));
#1674=DIRECTION('center_axis',(-1.,4.93038065763132E-32,2.22044604925031E-16));
#1675=DIRECTION('ref_axis',(2.22044604925031E-16,2.22044604925031E-16,1.));
#1676=DIRECTION('center_axis',(-1.,4.93038065763132E-32,2.22044604925031E-16));
#1677=DIRECTION('ref_axis',(2.22044604925031E-16,2.22044604925031E-16,1.));
#1678=DIRECTION('',(-1.,4.93038065763132E-32,2.22044604925031E-16));
#1679=DIRECTION('center_axis',(2.22044604925031E-16,2.22044604925031E-16,
1.));
#1680=DIRECTION('ref_axis',(1.09476442525376E-47,1.,-2.22044604925031E-16));
#1681=DIRECTION('',(1.09476442525376E-47,1.,-2.22044604925031E-16));
#1682=DIRECTION('',(-1.,4.93038065763132E-32,2.22044604925031E-16));
#1683=DIRECTION('center_axis',(-1.,4.93038065763132E-32,2.22044604925031E-16));
#1684=DIRECTION('ref_axis',(2.22044604925031E-16,2.22044604925031E-16,1.));
#1685=DIRECTION('',(-2.22044604925031E-16,-2.22044604925031E-16,-1.));
#1686=DIRECTION('center_axis',(-1.,4.93038065763132E-32,2.22044604925031E-16));
#1687=DIRECTION('ref_axis',(2.22044604925031E-16,2.22044604925031E-16,1.));
#1688=DIRECTION('',(-4.92651193243551E-19,-0.999997538673849,-0.00221870373031507));
#1689=DIRECTION('center_axis',(1.,-4.93038065763132E-32,-2.22044604925031E-16));
#1690=DIRECTION('ref_axis',(2.22044058400838E-16,-0.00221870373031531,0.999997538673849));
#1691=DIRECTION('',(4.92651204170608E-19,0.99999753867374,0.00221870377952615));
#1692=DIRECTION('',(-2.22044604925031E-16,-4.636530976143E-16,-1.));
#1693=DIRECTION('',(-1.12498230880763E-30,-1.,-4.84442530181943E-15));
#1694=DIRECTION('center_axis',(1.,-4.93038065763132E-32,-2.22044604925031E-16));
#1695=DIRECTION('ref_axis',(2.22044604925031E-16,4.63397436365283E-16,1.));
#1696=DIRECTION('',(1.2374805396884E-30,1.,5.35107229249388E-15));
#1697=DIRECTION('',(-2.22044604925031E-16,6.26279654916775E-17,-1.));
#1698=DIRECTION('center_axis',(1.,-4.93038065763132E-32,-2.22044604925031E-16));
#1699=DIRECTION('ref_axis',(-2.22044604925031E-16,-2.22044604925031E-16,
-1.));
#1700=DIRECTION('',(1.09476442525376E-47,1.,-2.22044604925031E-16));
#1701=DIRECTION('center_axis',(1.,-4.93038065763132E-32,-2.22044604925031E-16));
#1702=DIRECTION('ref_axis',(9.30549761465699E-47,1.,-2.22044604925031E-16));
#1703=DIRECTION('',(2.22044604925031E-16,2.22044604925031E-16,1.));
#1704=DIRECTION('',(1.57009245868377E-16,-0.707106781186548,0.707106781186547));
#1705=DIRECTION('',(2.22044604925031E-16,2.22044604925031E-16,1.));
#1706=DIRECTION('center_axis',(1.,-4.93038065763132E-32,-2.22044604925031E-16));
#1707=DIRECTION('ref_axis',(2.22044604925031E-16,-1.44328993201271E-15,
1.));
#1708=DIRECTION('',(-1.09476442525376E-47,-1.,2.22044604925031E-16));
#1709=DIRECTION('center_axis',(1.,-4.93038065763132E-32,-2.22044604925031E-16));
#1710=DIRECTION('ref_axis',(2.46519032881566E-31,-1.,1.33226762955019E-15));
#1711=DIRECTION('',(-2.22044604925031E-16,6.19207854931649E-17,-1.));
#1712=DIRECTION('center_axis',(5.3647862305721E-32,-1.,4.636530976143E-16));
#1713=DIRECTION('ref_axis',(2.22044604925031E-16,4.636530976143E-16,1.));
#1714=DIRECTION('',(-1.,4.93038065763132E-32,2.22044604925031E-16));
#1715=DIRECTION('',(2.22044604925031E-16,4.636530976143E-16,1.));
#1716=DIRECTION('',(-1.,4.93038065763132E-32,2.22044604925031E-16));
#1717=DIRECTION('center_axis',(-6.32100084311713E-32,-1.,-6.26279654916775E-17));
#1718=DIRECTION('ref_axis',(2.22044604925031E-16,-6.26279654916775E-17,
1.));
#1719=DIRECTION('',(-1.,4.93038065763132E-32,2.22044604925031E-16));
#1720=DIRECTION('',(2.22044604925031E-16,-6.26279654916775E-17,1.));
#1721=DIRECTION('',(-1.,4.93038065763132E-32,2.22044604925031E-16));
#1722=DIRECTION('center_axis',(-1.,4.93038065763132E-32,2.22044604925031E-16));
#1723=DIRECTION('ref_axis',(-2.22044604925031E-16,-2.22044604925031E-16,
-1.));
#1724=DIRECTION('center_axis',(-1.,4.93038065763132E-32,2.22044604925031E-16));
#1725=DIRECTION('ref_axis',(-2.22044604925031E-16,-2.22044604925031E-16,
-1.));
#1726=DIRECTION('',(-1.,4.93038065763132E-32,2.22044604925031E-16));
#1727=DIRECTION('center_axis',(-2.22044604925031E-16,-2.22044604925031E-16,
-1.));
#1728=DIRECTION('ref_axis',(-1.09476442525376E-47,-1.,2.22044604925031E-16));
#1729=DIRECTION('',(-1.09476442525376E-47,-1.,2.22044604925031E-16));
#1730=DIRECTION('',(-1.,4.93038065763132E-32,2.22044604925031E-16));
#1731=DIRECTION('center_axis',(-1.,4.93038065763132E-32,2.22044604925031E-16));
#1732=DIRECTION('ref_axis',(9.30549761465699E-47,1.,-2.22044604925031E-16));
#1733=DIRECTION('center_axis',(-1.,4.93038065763132E-32,2.22044604925031E-16));
#1734=DIRECTION('ref_axis',(9.30549761465699E-47,1.,-2.22044604925031E-16));
#1735=DIRECTION('',(-1.,4.93038065763132E-32,2.22044604925031E-16));
#1736=DIRECTION('center_axis',(1.09476442525376E-47,1.,-2.22044604925031E-16));
#1737=DIRECTION('ref_axis',(-2.22044604925031E-16,-2.22044604925031E-16,
-1.));
#1738=DIRECTION('',(-2.22044604925031E-16,-2.22044604925031E-16,-1.));
#1739=DIRECTION('',(-1.,4.93038065763132E-32,2.22044604925031E-16));
#1740=DIRECTION('center_axis',(1.57009245868378E-16,0.707106781186547,0.707106781186548));
#1741=DIRECTION('ref_axis',(-1.57009245868377E-16,0.707106781186548,-0.707106781186547));
#1742=DIRECTION('',(-1.57009245868377E-16,0.707106781186548,-0.707106781186547));
#1743=DIRECTION('',(-1.,4.93038065763132E-32,2.22044604925031E-16));
#1744=DIRECTION('center_axis',(1.09476442525376E-47,1.,-2.22044604925031E-16));
#1745=DIRECTION('ref_axis',(-2.22044604925031E-16,-2.22044604925031E-16,
-1.));
#1746=DIRECTION('',(-2.22044604925031E-16,-2.22044604925031E-16,-1.));
#1747=DIRECTION('',(-1.,4.93038065763132E-32,2.22044604925031E-16));
#1748=DIRECTION('center_axis',(-1.,4.93038065763132E-32,2.22044604925031E-16));
#1749=DIRECTION('ref_axis',(2.22044604925031E-16,-1.44328993201271E-15,
1.));
#1750=DIRECTION('center_axis',(-1.,4.93038065763132E-32,2.22044604925031E-16));
#1751=DIRECTION('ref_axis',(2.22044604925031E-16,-1.44328993201271E-15,
1.));
#1752=DIRECTION('',(-1.,4.93038065763132E-32,2.22044604925031E-16));
#1753=DIRECTION('center_axis',(2.22044604925031E-16,2.22044604925031E-16,
1.));
#1754=DIRECTION('ref_axis',(1.09476442525376E-47,1.,-2.22044604925031E-16));
#1755=DIRECTION('',(1.09476442525376E-47,1.,-2.22044604925031E-16));
#1756=DIRECTION('',(-1.,4.93038065763132E-32,2.22044604925031E-16));
#1757=DIRECTION('center_axis',(-1.,4.93038065763132E-32,2.22044604925031E-16));
#1758=DIRECTION('ref_axis',(2.46519032881566E-31,-1.,1.33226762955019E-15));
#1759=DIRECTION('center_axis',(-1.,4.93038065763132E-32,2.22044604925031E-16));
#1760=DIRECTION('ref_axis',(2.46519032881566E-31,-1.,1.33226762955019E-15));
#1761=DIRECTION('',(-1.,4.93038065763132E-32,2.22044604925031E-16));
#1762=DIRECTION('center_axis',(-6.30529829277907E-32,-1.,-6.19207854931649E-17));
#1763=DIRECTION('ref_axis',(2.22044604925031E-16,-6.19207854931649E-17,
1.));
#1764=DIRECTION('',(2.22044604925031E-16,-6.19207854931649E-17,1.));
#1765=DIRECTION('',(-1.,4.93038065763132E-32,2.22044604925031E-16));
#1766=DIRECTION('center_axis',(-1.,4.93038065763132E-32,2.22044604925031E-16));
#1767=DIRECTION('ref_axis',(2.22044604925031E-16,2.22044604925031E-16,1.));
#1768=DIRECTION('',(4.92651193243551E-19,0.999997538673849,0.00221870373031507));
#1769=DIRECTION('',(-1.2374805396884E-30,-1.,-5.35107229249388E-15));
#1770=DIRECTION('center_axis',(-1.,4.93038065763132E-32,2.22044604925031E-16));
#1771=DIRECTION('ref_axis',(2.22044604925031E-16,4.63397436365283E-16,1.));
#1772=DIRECTION('',(1.12498230880763E-30,1.,4.84442530181943E-15));
#1773=DIRECTION('',(-4.92651204170608E-19,-0.99999753867374,-0.00221870377952615));
#1774=DIRECTION('center_axis',(-1.,4.93038065763132E-32,2.22044604925031E-16));
#1775=DIRECTION('ref_axis',(2.22044058400838E-16,-0.00221870373031531,0.999997538673849));
#1776=DIRECTION('center_axis',(2.22044058400839E-16,-0.00221870373031507,
0.999997538673849));
#1777=DIRECTION('ref_axis',(4.92651193243551E-19,0.99999753867385,0.00221870373031507));
#1778=DIRECTION('',(-1.,4.93038065763132E-32,2.22044604925031E-16));
#1779=DIRECTION('',(-4.92651193243551E-19,-0.999997538673849,-0.00221870373031507));
#1780=DIRECTION('',(1.,-4.93038065763132E-32,-2.22044604925031E-16));
#1781=DIRECTION('center_axis',(2.22044058400839E-16,-0.00221870373031507,
0.999997538673849));
#1782=DIRECTION('ref_axis',(4.92651193243551E-19,0.99999753867385,0.00221870373031507));
#1783=DIRECTION('',(1.,-4.93038065763132E-32,-2.22044604925031E-16));
#1784=DIRECTION('',(4.92651193243551E-19,0.999997538673849,0.00221870373031507));
#1785=DIRECTION('',(-1.,4.93038065763132E-32,2.22044604925031E-16));
#1786=DIRECTION('center_axis',(-1.,4.93038065763132E-32,2.22044604925031E-16));
#1787=DIRECTION('ref_axis',(2.22044058400838E-16,-0.00221870373031531,0.999997538673849));
#1788=DIRECTION('center_axis',(1.,-4.93038065763132E-32,-2.22044604925031E-16));
#1789=DIRECTION('ref_axis',(2.22044058400838E-16,-0.00221870373031531,0.999997538673849));
#1790=DIRECTION('',(-1.,4.93038065763132E-32,2.22044604925031E-16));
#1791=DIRECTION('center_axis',(-1.,4.93038065763132E-32,2.22044604925031E-16));
#1792=DIRECTION('ref_axis',(2.22044058400838E-16,-0.00221870373031531,0.999997538673849));
#1793=DIRECTION('',(-1.,4.93038065763132E-32,2.22044604925031E-16));
#1794=DIRECTION('center_axis',(-1.,4.93038065763132E-32,2.22044604925031E-16));
#1795=DIRECTION('ref_axis',(2.22044058400838E-16,-0.00221870373031531,0.999997538673849));
#1796=DIRECTION('center_axis',(-2.22044058400814E-16,0.00221870377952615,
-0.99999753867374));
#1797=DIRECTION('ref_axis',(-4.92651204170608E-19,-0.99999753867374,-0.00221870377952615));
#1798=DIRECTION('',(4.92651204170608E-19,0.99999753867374,0.00221870377952615));
#1799=DIRECTION('',(-1.,4.93038065763132E-32,2.22044604925031E-16));
#1800=DIRECTION('center_axis',(-2.22044058400814E-16,0.00221870377952615,
-0.99999753867374));
#1801=DIRECTION('ref_axis',(-4.92651204170608E-19,-0.99999753867374,-0.00221870377952615));
#1802=DIRECTION('',(-1.,4.93038065763132E-32,2.22044604925031E-16));
#1803=DIRECTION('',(-4.92651204170608E-19,-0.99999753867374,-0.00221870377952615));
#1804=DIRECTION('center_axis',(-1.,4.93038065763132E-32,2.22044604925031E-16));
#1805=DIRECTION('ref_axis',(2.22044604925031E-16,2.22044604925031E-16,1.));
#1806=DIRECTION('',(-1.57357216416917E-16,-0.705536180312987,-0.708673901219284));
#1807=DIRECTION('',(-2.22044604925031E-16,3.94517397663533E-16,-1.));
#1808=DIRECTION('',(-1.56660502417913E-16,0.708673901219285,-0.705536180312987));
#1809=DIRECTION('center_axis',(-1.,4.93038065763132E-32,2.22044604925031E-16));
#1810=DIRECTION('ref_axis',(2.22044604925031E-16,2.22044604925031E-16,1.));
#1811=DIRECTION('center_axis',(-1.,4.93038065763132E-32,2.22044604925031E-16));
#1812=DIRECTION('ref_axis',(2.22044604925031E-16,2.22044604925031E-16,1.));
#1813=DIRECTION('',(-1.,4.93038065763132E-32,2.22044604925031E-16));
#1814=DIRECTION('center_axis',(1.,-4.93038065763132E-32,-2.22044604925031E-16));
#1815=DIRECTION('ref_axis',(2.22044604925031E-16,2.22044604925031E-16,1.));
#1816=DIRECTION('center_axis',(1.56660502417913E-16,-0.708673901219284,
0.705536180312987));
#1817=DIRECTION('ref_axis',(1.57357216416917E-16,0.705536180312987,0.708673901219284));
#1818=DIRECTION('',(1.57357216416917E-16,0.705536180312987,0.708673901219284));
#1819=DIRECTION('',(-1.,4.93038065763132E-32,2.22044604925031E-16));
#1820=DIRECTION('center_axis',(-1.36904266276564E-31,-1.,-3.94517397663533E-16));
#1821=DIRECTION('ref_axis',(2.22044604925031E-16,-3.94517397663533E-16,
1.));
#1822=DIRECTION('',(2.22044604925031E-16,-3.94517397663533E-16,1.));
#1823=DIRECTION('',(-1.,4.93038065763132E-32,2.22044604925031E-16));
#1824=DIRECTION('center_axis',(-1.57357216416917E-16,-0.705536180312987,
-0.708673901219285));
#1825=DIRECTION('ref_axis',(1.56660502417913E-16,-0.708673901219285,0.705536180312987));
#1826=DIRECTION('',(1.56660502417913E-16,-0.708673901219285,0.705536180312987));
#1827=DIRECTION('center_axis',(-1.,4.93038065763132E-32,2.22044604925031E-16));
#1828=DIRECTION('ref_axis',(2.22044604925031E-16,2.22044604925031E-16,1.));
#1829=DIRECTION('center_axis',(2.22044604925031E-16,-4.84442530181943E-15,
1.));
#1830=DIRECTION('ref_axis',(1.12498230880763E-30,1.,4.84442530181943E-15));
#1831=DIRECTION('',(-1.,4.93038065763132E-32,2.22044604925031E-16));
#1832=DIRECTION('',(-1.12498230880763E-30,-1.,-4.84442530181943E-15));
#1833=DIRECTION('',(1.,-4.93038065763132E-32,-2.22044604925031E-16));
#1834=DIRECTION('center_axis',(2.22044604925031E-16,-4.84442530181943E-15,
1.));
#1835=DIRECTION('ref_axis',(1.12498230880763E-30,1.,4.84442530181943E-15));
#1836=DIRECTION('',(1.,-4.93038065763132E-32,-2.22044604925031E-16));
#1837=DIRECTION('',(1.12498230880763E-30,1.,4.84442530181943E-15));
#1838=DIRECTION('',(-1.,4.93038065763132E-32,2.22044604925031E-16));
#1839=DIRECTION('center_axis',(-1.,4.93038065763132E-32,2.22044604925031E-16));
#1840=DIRECTION('ref_axis',(2.22044604925031E-16,4.63397436365283E-16,1.));
#1841=DIRECTION('center_axis',(1.,-4.93038065763132E-32,-2.22044604925031E-16));
#1842=DIRECTION('ref_axis',(2.22044604925031E-16,4.63397436365283E-16,1.));
#1843=DIRECTION('',(-1.,4.93038065763132E-32,2.22044604925031E-16));
#1844=DIRECTION('center_axis',(-1.,4.93038065763132E-32,2.22044604925031E-16));
#1845=DIRECTION('ref_axis',(2.22044604925031E-16,4.63397436365283E-16,1.));
#1846=DIRECTION('',(-1.,4.93038065763132E-32,2.22044604925031E-16));
#1847=DIRECTION('center_axis',(-1.,4.93038065763132E-32,2.22044604925031E-16));
#1848=DIRECTION('ref_axis',(2.22044604925031E-16,4.63397436365283E-16,1.));
#1849=DIRECTION('center_axis',(-2.22044604925031E-16,5.35107229249388E-15,
-1.));
#1850=DIRECTION('ref_axis',(-1.2374805396884E-30,-1.,-5.35107229249388E-15));
#1851=DIRECTION('',(1.2374805396884E-30,1.,5.35107229249388E-15));
#1852=DIRECTION('',(-1.,4.93038065763132E-32,2.22044604925031E-16));
#1853=DIRECTION('center_axis',(-2.22044604925031E-16,5.35107229249388E-15,
-1.));
#1854=DIRECTION('ref_axis',(-1.2374805396884E-30,-1.,-5.35107229249388E-15));
#1855=DIRECTION('',(-1.,4.93038065763132E-32,2.22044604925031E-16));
#1856=DIRECTION('',(-1.2374805396884E-30,-1.,-5.35107229249388E-15));
#1857=DIRECTION('center_axis',(-1.,4.93038065763132E-32,2.22044604925031E-16));
#1858=DIRECTION('ref_axis',(2.22044604925031E-16,2.22044604925031E-16,1.));
#1859=DIRECTION('',(-1.57009245868378E-16,-0.707106781186547,-0.707106781186548));
#1860=DIRECTION('',(-2.22044604925031E-16,8.62365239136563E-17,-1.));
#1861=DIRECTION('',(-1.57009245868377E-16,0.707106781186549,-0.707106781186546));
#1862=DIRECTION('center_axis',(-1.,4.93038065763132E-32,2.22044604925031E-16));
#1863=DIRECTION('ref_axis',(2.22044604925031E-16,2.22044604925031E-16,1.));
#1864=DIRECTION('center_axis',(-1.,4.93038065763132E-32,2.22044604925031E-16));
#1865=DIRECTION('ref_axis',(2.22044604925031E-16,2.22044604925031E-16,1.));
#1866=DIRECTION('',(-1.,4.93038065763132E-32,2.22044604925031E-16));
#1867=DIRECTION('center_axis',(1.,-4.93038065763132E-32,-2.22044604925031E-16));
#1868=DIRECTION('ref_axis',(2.22044604925031E-16,2.22044604925031E-16,1.));
#1869=DIRECTION('center_axis',(1.57009245868377E-16,-0.707106781186548,
0.707106781186547));
#1870=DIRECTION('ref_axis',(1.57009245868378E-16,0.707106781186547,0.707106781186548));
#1871=DIRECTION('',(1.57009245868378E-16,0.707106781186547,0.707106781186548));
#1872=DIRECTION('',(-1.,4.93038065763132E-32,2.22044604925031E-16));
#1873=DIRECTION('center_axis',(-6.84521614588291E-32,-1.,-8.62365239136563E-17));
#1874=DIRECTION('ref_axis',(2.22044604925031E-16,-8.62365239136563E-17,
1.));
#1875=DIRECTION('',(2.22044604925031E-16,-8.62365239136563E-17,1.));
#1876=DIRECTION('',(-1.,4.93038065763132E-32,2.22044604925031E-16));
#1877=DIRECTION('center_axis',(-1.57009245868378E-16,-0.707106781186546,
-0.707106781186549));
#1878=DIRECTION('ref_axis',(1.57009245868377E-16,-0.707106781186549,0.707106781186546));
#1879=DIRECTION('',(1.57009245868377E-16,-0.707106781186549,0.707106781186546));
#1880=DIRECTION('center_axis',(-1.,4.93038065763132E-32,2.22044604925031E-16));
#1881=DIRECTION('ref_axis',(2.22044604925031E-16,2.22044604925031E-16,1.));
#1882=DIRECTION('center_axis',(0.707106781186548,0.12278780396898,0.696364240320017));
#1883=DIRECTION('ref_axis',(0.701673843159862,1.38777878078145E-17,-0.712498293208671));
#1884=DIRECTION('',(0.707106781186547,-0.122787803968973,-0.696364240320019));
#1885=DIRECTION('',(-3.85576410060073E-17,0.984807753012206,-0.17364817766694));
#1886=DIRECTION('',(-0.707106781186547,0.122787803968973,0.696364240320019));
#1887=DIRECTION('',(3.85576410060073E-17,-0.984807753012206,0.17364817766694));
#1888=DIRECTION('center_axis',(-2.08166817117217E-16,-0.17364817766694,
-0.984807753012206));
#1889=DIRECTION('ref_axis',(-1.,1.04770588974666E-31,2.11378125812376E-16));
#1890=DIRECTION('',(1.,1.82407535744537E-18,-2.11699759512738E-16));
#1891=DIRECTION('',(-3.85576410060073E-17,0.984807753012206,-0.17364817766694));
#1892=DIRECTION('',(-1.,-1.82407535744537E-18,2.11699759512738E-16));
#1893=DIRECTION('center_axis',(-3.85576410060053E-17,0.984807753012208,
-0.173648177666931));
#1894=DIRECTION('ref_axis',(-2.18671248444704E-16,-0.173648177666931,-0.984807753012208));
#1895=DIRECTION('',(2.18671248444704E-16,0.173648177666931,0.984807753012208));
#1896=DIRECTION('',(1.,-4.93038065763132E-32,-2.22044604925031E-16));
#1897=DIRECTION('',(-2.18671248444704E-16,-0.173648177666931,-0.984807753012208));
#1898=DIRECTION('',(-0.707106781186548,-0.122787803968973,-0.696364240320018));
#1899=DIRECTION('center_axis',(-0.707106781186547,0.12278780396898,0.696364240320019));
#1900=DIRECTION('ref_axis',(0.701673843159864,-2.08166817117217E-17,0.712498293208669));
#1901=DIRECTION('',(3.85576410060073E-17,-0.984807753012206,0.17364817766694));
#1902=DIRECTION('',(0.707106781186548,0.122787803968973,0.696364240320018));
#1903=DIRECTION('center_axis',(-1.,4.93038065763132E-32,2.22044604925031E-16));
#1904=DIRECTION('ref_axis',(2.22044604925031E-16,2.22044604925031E-16,1.));
#1905=DIRECTION('',(-2.18671248444704E-16,-0.173648177666931,-0.984807753012208));
#1906=DIRECTION('center_axis',(-1.,4.93038065763132E-32,2.22044604925031E-16));
#1907=DIRECTION('ref_axis',(-3.85576410060037E-17,0.984807753012209,-0.173648177666924));
#1908=DIRECTION('',(3.85576410060053E-17,-0.984807753012208,0.173648177666931));
#1909=DIRECTION('',(-2.18671248444704E-16,-0.173648177666931,-0.984807753012208));
#1910=DIRECTION('',(-3.85576410060053E-17,0.984807753012208,-0.173648177666931));
#1911=DIRECTION('center_axis',(1.,-4.93038065763132E-32,-2.22044604925031E-16));
#1912=DIRECTION('ref_axis',(-3.85576410060037E-17,0.984807753012209,-0.173648177666924));
#1913=DIRECTION('center_axis',(3.85576410060053E-17,-0.984807753012208,
0.173648177666931));
#1914=DIRECTION('ref_axis',(2.18671248444704E-16,0.173648177666931,0.984807753012208));
#1915=DIRECTION('',(2.18671248444704E-16,0.173648177666931,0.984807753012208));
#1916=DIRECTION('',(-1.,4.93038065763132E-32,2.22044604925031E-16));
#1917=DIRECTION('center_axis',(-1.,4.93038065763132E-32,2.22044604925031E-16));
#1918=DIRECTION('ref_axis',(2.22044604925031E-16,2.22044604925031E-16,1.));
#1919=DIRECTION('center_axis',(-1.,4.93038065763132E-32,2.22044604925031E-16));
#1920=DIRECTION('ref_axis',(-3.85576410060037E-17,0.984807753012209,-0.173648177666924));
#1921=DIRECTION('',(3.85576410060053E-17,-0.984807753012208,0.173648177666931));
#1922=DIRECTION('',(2.18671248444704E-16,0.173648177666931,0.984807753012208));
#1923=DIRECTION('',(-3.85576410060053E-17,0.984807753012208,-0.173648177666931));
#1924=DIRECTION('center_axis',(1.,-4.93038065763132E-32,-2.22044604925031E-16));
#1925=DIRECTION('ref_axis',(-3.85576410060037E-17,0.984807753012209,-0.173648177666924));
#1926=DIRECTION('center_axis',(-1.,4.93038065763132E-32,2.22044604925031E-16));
#1927=DIRECTION('ref_axis',(-3.85576410060037E-17,0.984807753012209,-0.173648177666924));
#1928=DIRECTION('',(-1.,4.93038065763132E-32,2.22044604925031E-16));
#1929=DIRECTION('center_axis',(2.18671248444704E-16,0.173648177666931,0.984807753012208));
#1930=DIRECTION('ref_axis',(-3.85576410060053E-17,0.984807753012208,-0.173648177666931));
#1931=DIRECTION('',(-1.,4.93038065763132E-32,2.22044604925031E-16));
#1932=DIRECTION('center_axis',(3.85576410060054E-17,-0.984807753012208,
0.173648177666931));
#1933=DIRECTION('ref_axis',(2.18671248444704E-16,0.173648177666931,0.984807753012208));
#1934=DIRECTION('',(-1.,4.93038065763132E-32,2.22044604925031E-16));
#1935=DIRECTION('center_axis',(-2.18671248444704E-16,-0.173648177666931,
-0.984807753012208));
#1936=DIRECTION('ref_axis',(3.85576410060053E-17,-0.984807753012208,0.173648177666931));
#1937=DIRECTION('',(-1.,4.93038065763132E-32,2.22044604925031E-16));
#1938=DIRECTION('center_axis',(-1.,4.93038065763132E-32,2.22044604925031E-16));
#1939=DIRECTION('ref_axis',(-3.85576410060037E-17,0.984807753012209,-0.173648177666924));
#1940=CARTESIAN_POINT('',(0.,0.,0.));
#1941=CARTESIAN_POINT('Origin',(1.13406284363608E-11,3.3,-6.34999985806092));
#1942=CARTESIAN_POINT('',(2.09999995306134,3.3,-6.64999985136092));
#1943=CARTESIAN_POINT('',(2.09999995306134,3.3,-6.04999986476092));
#1944=CARTESIAN_POINT('',(2.09999995306134,3.3,-6.34999985806092));
#1945=CARTESIAN_POINT('',(-2.09999995303866,3.3,-6.64999985136092));
#1946=CARTESIAN_POINT('',(1.13405618229809E-11,3.3,-6.64999985136092));
#1947=CARTESIAN_POINT('',(-2.09999995303866,3.3,-6.04999986476092));
#1948=CARTESIAN_POINT('',(-2.09999995303866,3.3,-6.34999985806092));
#1949=CARTESIAN_POINT('',(1.13406950497408E-11,3.3,-6.04999986476092));
#1950=CARTESIAN_POINT('Origin',(1.13405618229809E-11,4.3,-6.64999985136092));
#1951=CARTESIAN_POINT('',(-2.09999995303866,5.3,-6.64999985136092));
#1952=CARTESIAN_POINT('',(-2.09999995303866,4.3,-6.64999985136092));
#1953=CARTESIAN_POINT('',(2.09999995306134,5.3,-6.64999985136092));
#1954=CARTESIAN_POINT('',(2.09999995306134,4.3,-6.64999985136092));
#1955=CARTESIAN_POINT('',(5.66954261319555E-12,5.3,-6.64999985136092));
#1956=CARTESIAN_POINT('Origin',(-2.09999995303866,4.3,-6.34999985806092));
#1957=CARTESIAN_POINT('',(-2.09999995303866,5.3,-6.04999986476092));
#1958=CARTESIAN_POINT('',(-2.09999995303866,4.3,-6.04999986476092));
#1959=CARTESIAN_POINT('',(-2.09999995303866,5.3,-3.52784334378017));
#1960=CARTESIAN_POINT('Origin',(1.13406950497408E-11,4.3,-6.04999986476092));
#1961=CARTESIAN_POINT('',(2.09999995306134,5.3,-6.04999986476092));
#1962=CARTESIAN_POINT('',(2.09999995306134,4.3,-6.04999986476092));
#1963=CARTESIAN_POINT('',(5.66967583995553E-12,5.3,-6.04999986476092));
#1964=CARTESIAN_POINT('Origin',(2.09999995306134,4.3,-6.34999985806092));
#1965=CARTESIAN_POINT('',(2.09999995306134,5.3,-3.52784334378017));
#1966=CARTESIAN_POINT('Origin',(-2.62012633811537E-15,-7.49999983236193,
-11.8));
#1967=CARTESIAN_POINT('',(0.750000000000002,-7.49999983236193,8.2));
#1968=CARTESIAN_POINT('Origin',(1.82076576038526E-15,-7.49999983236193,
8.2));
#1969=CARTESIAN_POINT('',(0.750000000000002,-7.49999983236193,7.7));
#1970=CARTESIAN_POINT('',(0.749999999999997,-7.49999983236193,-11.8));
#1971=CARTESIAN_POINT('Origin',(1.70974345792274E-15,-7.49999983236193,
7.7));
#1972=CARTESIAN_POINT('Origin',(-2.62012633811537E-15,-7.49999983236193,
-11.8));
#1973=CARTESIAN_POINT('',(0.749999999999998,-7.49999983236194,-7.8));
#1974=CARTESIAN_POINT('Origin',(-1.73194791841524E-15,-7.49999983236194,
-7.8));
#1975=CARTESIAN_POINT('',(0.749999999999998,-7.49999983236194,-8.3));
#1976=CARTESIAN_POINT('',(0.749999999999997,-7.49999983236193,-11.8));
#1977=CARTESIAN_POINT('Origin',(-1.84297022087776E-15,-7.49999983236194,
-8.3));
#1978=CARTESIAN_POINT('Origin',(1.4,-8.65,6.58305333828051));
#1979=CARTESIAN_POINT('',(1.15,-8.9,7.7));
#1980=CARTESIAN_POINT('',(1.65,-8.4,7.7));
#1981=CARTESIAN_POINT('',(2.0125,-8.0375,7.7));
#1982=CARTESIAN_POINT('',(1.65,-8.4,8.2));
#1983=CARTESIAN_POINT('',(1.65,-8.4,6.58305333828051));
#1984=CARTESIAN_POINT('',(1.15,-8.9,8.2));
#1985=CARTESIAN_POINT('',(0.987500000000002,-9.0625,8.2));
#1986=CARTESIAN_POINT('',(1.15,-8.9,6.58305333828051));
#1987=CARTESIAN_POINT('Origin',(1.70974345792274E-15,-8.9,7.7));
#1988=CARTESIAN_POINT('',(-1.15,-8.9,8.2));
#1989=CARTESIAN_POINT('',(1.82076576038526E-15,-8.9,8.2));
#1990=CARTESIAN_POINT('',(-1.15,-8.9,7.7));
#1991=CARTESIAN_POINT('',(-1.15,-8.9,6.58305333828051));
#1992=CARTESIAN_POINT('',(1.70974345792274E-15,-8.9,7.7));
#1993=CARTESIAN_POINT('Origin',(1.82076576038526E-15,-8.9,8.2));
#1994=CARTESIAN_POINT('',(1.65,-4.8,8.2));
#1995=CARTESIAN_POINT('',(1.65,-8.9,8.2));
#1996=CARTESIAN_POINT('',(-1.65,-4.8,8.2));
#1997=CARTESIAN_POINT('',(1.82076576038526E-15,-4.8,8.2));
#1998=CARTESIAN_POINT('',(-1.65,-8.4,8.2));
#1999=CARTESIAN_POINT('',(-1.65,-8.9,8.2));
#2000=CARTESIAN_POINT('',(-0.987499999999999,-9.0625,8.2));
#2001=CARTESIAN_POINT('Origin',(1.4,-8.65,-8.175));
#2002=CARTESIAN_POINT('',(1.15,-8.9,-8.3));
#2003=CARTESIAN_POINT('',(1.65,-8.4,-8.3));
#2004=CARTESIAN_POINT('',(2.0125,-8.0375,-8.3));
#2005=CARTESIAN_POINT('',(1.65,-8.4,-7.8));
#2006=CARTESIAN_POINT('',(1.65,-8.4,-8.175));
#2007=CARTESIAN_POINT('',(1.15,-8.9,-7.8));
#2008=CARTESIAN_POINT('',(0.987499999999999,-9.0625,-7.8));
#2009=CARTESIAN_POINT('',(1.15,-8.9,-8.175));
#2010=CARTESIAN_POINT('Origin',(-1.84297022087776E-15,-8.9,-8.3));
#2011=CARTESIAN_POINT('',(-1.15,-8.9,-7.8));
#2012=CARTESIAN_POINT('',(-1.73194791841524E-15,-8.9,-7.8));
#2013=CARTESIAN_POINT('',(-1.15,-8.9,-8.3));
#2014=CARTESIAN_POINT('',(-1.15,-8.9,-8.175));
#2015=CARTESIAN_POINT('',(-1.84297022087776E-15,-8.9,-8.3));
#2016=CARTESIAN_POINT('Origin',(-1.73194791841524E-15,-8.9,-7.8));
#2017=CARTESIAN_POINT('',(1.65,-4.8,-7.8));
#2018=CARTESIAN_POINT('',(1.65,-8.9,-7.8));
#2019=CARTESIAN_POINT('',(-1.65,-4.8,-7.8));
#2020=CARTESIAN_POINT('',(-1.73194791841524E-15,-4.8,-7.8));
#2021=CARTESIAN_POINT('',(-1.65,-8.4,-7.8));
#2022=CARTESIAN_POINT('',(-1.65,-8.9,-7.8));
#2023=CARTESIAN_POINT('',(-0.987500000000002,-9.0625,-7.8));
#2024=CARTESIAN_POINT('Origin',(-1.4,-8.65,6.58305333828051));
#2025=CARTESIAN_POINT('',(-1.65,-8.4,7.7));
#2026=CARTESIAN_POINT('',(-1.65,-8.4,6.58305333828051));
#2027=CARTESIAN_POINT('',(-2.0125,-8.0375,7.7));
#2028=CARTESIAN_POINT('Origin',(-1.65,1.06000373487738,5.46610667656102));
#2029=CARTESIAN_POINT('',(-1.65,-4.8,7.7));
#2030=CARTESIAN_POINT('',(-1.65,-4.8,6.18062522372214));
#2031=CARTESIAN_POINT('',(-1.65,-4.8,7.7));
#2032=CARTESIAN_POINT('Origin',(-1.4,-8.65,-8.175));
#2033=CARTESIAN_POINT('',(-1.65,-8.4,-8.3));
#2034=CARTESIAN_POINT('',(-1.65,-8.4,-8.175));
#2035=CARTESIAN_POINT('',(-2.0125,-8.0375,-8.3));
#2036=CARTESIAN_POINT('Origin',(-1.65,-6.85,-8.05));
#2037=CARTESIAN_POINT('',(-1.65,-4.8,-8.3));
#2038=CARTESIAN_POINT('',(-1.65,-4.8,-8.45));
#2039=CARTESIAN_POINT('',(-1.65,-4.8,-8.3));
#2040=CARTESIAN_POINT('Origin',(1.65,1.06000373487738,5.46610667656102));
#2041=CARTESIAN_POINT('',(1.65,-4.8,7.7));
#2042=CARTESIAN_POINT('',(1.65,-4.8,7.7));
#2043=CARTESIAN_POINT('',(1.65,-4.8,6.18062522372214));
#2044=CARTESIAN_POINT('Origin',(1.70974345792274E-15,-4.8,7.7));
#2045=CARTESIAN_POINT('',(1.70974345792274E-15,-4.8,7.7));
#2046=CARTESIAN_POINT('Origin',(1.65,-6.85,-8.05));
#2047=CARTESIAN_POINT('',(1.65,-4.8,-8.3));
#2048=CARTESIAN_POINT('',(1.65,-4.8,-8.3));
#2049=CARTESIAN_POINT('',(1.65,-4.8,-8.45));
#2050=CARTESIAN_POINT('Origin',(-1.84297022087776E-15,-4.8,-8.3));
#2051=CARTESIAN_POINT('',(-1.84297022087776E-15,-4.8,-8.3));
#2052=CARTESIAN_POINT('Origin',(2.1,5.89999992735684,-2.59999994188547));
#2053=CARTESIAN_POINT('',(2.1,5.49999987706542,-1.59999996423721));
#2054=CARTESIAN_POINT('',(2.1,5.3,-1.59999996423721));
#2055=CARTESIAN_POINT('',(2.1,5.3,-1.59999996423721));
#2056=CARTESIAN_POINT('',(2.1,5.3,-3.59999991953373));
#2057=CARTESIAN_POINT('',(2.1,5.3,-1.65284338569245));
#2058=CARTESIAN_POINT('',(2.1,5.49999987706542,-3.59999991953373));
#2059=CARTESIAN_POINT('',(2.1,5.49999987706542,-3.59999991953373));
#2060=CARTESIAN_POINT('Origin',(2.1,5.49999987706542,-2.59999994188547));
#2061=CARTESIAN_POINT('Origin',(-7.99360559863011E-16,5.49999987706542,
-3.59999991953373));
#2062=CARTESIAN_POINT('',(-2.1,5.3,-3.59999991953373));
#2063=CARTESIAN_POINT('',(-7.99360559863011E-16,5.3,-3.59999991953373));
#2064=CARTESIAN_POINT('',(-2.1,5.49999987706542,-3.59999991953373));
#2065=CARTESIAN_POINT('',(-2.1,5.49999987706542,-3.59999991953373));
#2066=CARTESIAN_POINT('',(-7.99360559863011E-16,5.49999987706542,-3.59999991953373));
#2067=CARTESIAN_POINT('Origin',(-5.77315959901064E-16,5.49999987706542,
-2.59999994188547));
#2068=CARTESIAN_POINT('',(-2.1,5.49999987706542,-1.59999996423721));
#2069=CARTESIAN_POINT('Origin',(-2.1,5.49999987706542,-2.59999994188547));
#2070=CARTESIAN_POINT('',(-3.55271359939116E-16,5.49999987706542,-1.59999996423721));
#2071=CARTESIAN_POINT('Origin',(-3.55271359939116E-16,5.3,-1.59999996423721));
#2072=CARTESIAN_POINT('',(-2.1,5.3,-1.59999996423721));
#2073=CARTESIAN_POINT('',(-2.1,5.3,-1.59999996423721));
#2074=CARTESIAN_POINT('',(-3.55271359939116E-16,5.3,-1.59999996423721));
#2075=CARTESIAN_POINT('Origin',(-2.1,5.89999992735684,-2.59999994188547));
#2076=CARTESIAN_POINT('',(-2.1,5.3,-1.65284338569245));
#2077=CARTESIAN_POINT('Origin',(3.,0.249999999999999,-1.83186799063151E-15));
#2078=CARTESIAN_POINT('',(3.,-2.61378826677592,6.89999433894985));
#2079=CARTESIAN_POINT('',(3.,-4.8,6.89514377088326));
#2080=CARTESIAN_POINT('',(3.,-2.28266155145749,6.90072901283661));
#2081=CARTESIAN_POINT('',(3.,-2.60358222961647,2.30000566105015));
#2082=CARTESIAN_POINT('Origin',(3.,-2.60868524819619,4.6));
#2083=CARTESIAN_POINT('',(3.,-4.8,2.29513244864701));
#2084=CARTESIAN_POINT('',(3.,-1.17934964774291,2.30316561904016));
#2085=CARTESIAN_POINT('',(3.,-4.8,-2.30000000000001));
#2086=CARTESIAN_POINT('',(3.,-4.8,-2.30000000000001));
#2087=CARTESIAN_POINT('',(3.,-2.6086852481898,-2.3));
#2088=CARTESIAN_POINT('',(3.,-2.275,-2.3));
#2089=CARTESIAN_POINT('',(3.,-2.60868524818981,-6.9));
#2090=CARTESIAN_POINT('Origin',(3.,-2.60868524818981,-4.6));
#2091=CARTESIAN_POINT('',(3.,-4.8,-6.90000000000001));
#2092=CARTESIAN_POINT('',(3.,-1.17934262409489,-6.9));
#2093=CARTESIAN_POINT('',(3.,-4.8,-8.85));
#2094=CARTESIAN_POINT('',(3.,-4.8,-8.85));
#2095=CARTESIAN_POINT('',(3.,-3.8,-9.85));
#2096=CARTESIAN_POINT('Origin',(3.,-3.8,-8.85));
#2097=CARTESIAN_POINT('',(3.,4.3,-9.85));
#2098=CARTESIAN_POINT('',(3.,4.3,-9.85));
#2099=CARTESIAN_POINT('',(3.,5.3,-8.85));
#2100=CARTESIAN_POINT('Origin',(3.,4.3,-8.85));
#2101=CARTESIAN_POINT('',(3.,5.3,-0.70568682949942));
#2102=CARTESIAN_POINT('',(3.,5.3,-0.70568682949942));
#2103=CARTESIAN_POINT('',(3.,4.55,0.04431317050058));
#2104=CARTESIAN_POINT('',(3.,5.3,-0.70568682949942));
#2105=CARTESIAN_POINT('',(3.,4.55,8.85));
#2106=CARTESIAN_POINT('',(3.,4.55,8.85));
#2107=CARTESIAN_POINT('',(3.,3.55,9.85));
#2108=CARTESIAN_POINT('Origin',(3.,3.55,8.85));
#2109=CARTESIAN_POINT('',(3.,-3.8,9.85));
#2110=CARTESIAN_POINT('',(3.,-3.8,9.85));
#2111=CARTESIAN_POINT('',(3.,-4.8,8.85));
#2112=CARTESIAN_POINT('Origin',(3.,-3.8,8.85));
#2113=CARTESIAN_POINT('',(3.,-4.8,6.89514377088326));
#2114=CARTESIAN_POINT('Origin',(-5.10702591327575E-16,-4.8,-2.30000000000001));
#2115=CARTESIAN_POINT('',(-3.,-4.8,2.29513244864701));
#2116=CARTESIAN_POINT('',(5.09621777810445E-16,-4.8,2.29513244864701));
#2117=CARTESIAN_POINT('',(-3.,-4.8,-2.30000000000001));
#2118=CARTESIAN_POINT('',(-3.,-4.8,-2.30000000000001));
#2119=CARTESIAN_POINT('',(-5.10702591327575E-16,-4.8,-2.30000000000001));
#2120=CARTESIAN_POINT('Origin',(-1.96509475358653E-15,-4.8,-8.85));
#2121=CARTESIAN_POINT('',(-3.,-4.8,-6.90000000000001));
#2122=CARTESIAN_POINT('',(-1.53210777398272E-15,-4.8,-6.90000000000001));
#2123=CARTESIAN_POINT('',(-3.,-4.8,-8.85));
#2124=CARTESIAN_POINT('',(-3.,-4.8,-8.85));
#2125=CARTESIAN_POINT('',(-1.96509475358653E-15,-4.8,-8.85));
#2126=CARTESIAN_POINT('Origin',(-1.96509475358653E-15,-3.8,-8.85));
#2127=CARTESIAN_POINT('',(-3.,-3.8,-9.85));
#2128=CARTESIAN_POINT('Origin',(-3.,-3.8,-8.85));
#2129=CARTESIAN_POINT('',(-2.18713935851156E-15,-3.8,-9.85));
#2130=CARTESIAN_POINT('Origin',(-2.18713935851156E-15,4.3,-9.85));
#2131=CARTESIAN_POINT('',(-3.,4.3,-9.85));
#2132=CARTESIAN_POINT('',(-3.,4.3,-9.85));
#2133=CARTESIAN_POINT('',(-2.18713935851156E-15,4.3,-9.85));
#2134=CARTESIAN_POINT('Origin',(-1.96509475358653E-15,4.3,-8.85));
#2135=CARTESIAN_POINT('',(-3.,5.3,-8.85));
#2136=CARTESIAN_POINT('Origin',(-3.,4.3,-8.85));
#2137=CARTESIAN_POINT('',(-1.96509475358653E-15,5.3,-8.85));
#2138=CARTESIAN_POINT('Origin',(-1.56693953256996E-16,5.3,-0.705686829499419));
#2139=CARTESIAN_POINT('',(-3.,5.3,-0.705686829499418));
#2140=CARTESIAN_POINT('',(-3.,5.3,-0.705686829499418));
#2141=CARTESIAN_POINT('',(-1.56693953256996E-16,5.3,-0.705686829499419));
#2142=CARTESIAN_POINT('Origin',(9.83950043677722E-18,4.55,0.0443131705005807));
#2143=CARTESIAN_POINT('',(-3.,4.55,0.0443131705005814));
#2144=CARTESIAN_POINT('',(-3.,5.3,-0.705686829499418));
#2145=CARTESIAN_POINT('',(9.83950043677722E-18,4.55,0.0443131705005807));
#2146=CARTESIAN_POINT('Origin',(1.96509475358653E-15,4.55,8.85));
#2147=CARTESIAN_POINT('',(-3.,4.55,8.85));
#2148=CARTESIAN_POINT('',(-3.,4.55,8.85));
#2149=CARTESIAN_POINT('',(1.96509475358653E-15,4.55,8.85));
#2150=CARTESIAN_POINT('Origin',(1.96509475358653E-15,3.55,8.85));
#2151=CARTESIAN_POINT('',(-3.,3.55,9.85));
#2152=CARTESIAN_POINT('Origin',(-3.,3.55,8.85));
#2153=CARTESIAN_POINT('',(2.18713935851156E-15,3.55,9.85));
#2154=CARTESIAN_POINT('Origin',(2.18713935851156E-15,-3.8,9.85));
#2155=CARTESIAN_POINT('',(-3.,-3.8,9.85));
#2156=CARTESIAN_POINT('',(-3.,-3.8,9.85));
#2157=CARTESIAN_POINT('',(2.18713935851156E-15,-3.8,9.85));
#2158=CARTESIAN_POINT('Origin',(1.96509475358653E-15,-3.8,8.85));
#2159=CARTESIAN_POINT('',(-3.,-4.8,8.85));
#2160=CARTESIAN_POINT('Origin',(-3.,-3.8,8.85));
#2161=CARTESIAN_POINT('',(1.96509475358653E-15,-4.8,8.85));
#2162=CARTESIAN_POINT('Origin',(1.53102947450706E-15,-4.8,6.89514377088326));
#2163=CARTESIAN_POINT('',(-3.,-4.8,6.89514377088326));
#2164=CARTESIAN_POINT('',(-3.,-4.8,6.89514377088326));
#2165=CARTESIAN_POINT('',(1.53102947450706E-15,-4.8,6.89514377088326));
#2166=CARTESIAN_POINT('Origin',(-3.,0.249999999999999,-4.9960036108132E-16));
#2167=CARTESIAN_POINT('',(-3.,-2.61378826677592,6.89999433894985));
#2168=CARTESIAN_POINT('',(-3.,-2.28266155145749,6.90072901283661));
#2169=CARTESIAN_POINT('',(-3.,-2.60868524818981,-6.9));
#2170=CARTESIAN_POINT('',(-3.,-1.17934262409489,-6.89999999999999));
#2171=CARTESIAN_POINT('',(-3.,-2.6086852481898,-2.3));
#2172=CARTESIAN_POINT('Origin',(-3.,-2.60868524818981,-4.6));
#2173=CARTESIAN_POINT('',(-3.,-2.275,-2.3));
#2174=CARTESIAN_POINT('',(-3.,-2.60358222961647,2.30000566105015));
#2175=CARTESIAN_POINT('',(-3.,-1.17934964774291,2.30316561904016));
#2176=CARTESIAN_POINT('Origin',(-3.,-2.60868524819619,4.6));
#2177=CARTESIAN_POINT('Origin',(1.53102947450706E-15,-4.8,6.89514377088326));
#2178=CARTESIAN_POINT('',(3.1,-4.8,6.89514377088326));
#2179=CARTESIAN_POINT('',(1.53102947450706E-15,-4.8,6.89514377088326));
#2180=CARTESIAN_POINT('',(3.1,-2.61378826677592,6.89999433894985));
#2181=CARTESIAN_POINT('',(3.1,-2.61378826677592,6.89999433894985));
#2182=CARTESIAN_POINT('',(1.53210651697707E-15,-2.61378826677592,6.89999433894985));
#2183=CARTESIAN_POINT('Origin',(1.53102947450706E-15,-4.8,6.89514377088326));
#2184=CARTESIAN_POINT('',(-3.1,-2.61378826677592,6.89999433894985));
#2185=CARTESIAN_POINT('',(1.53210651697707E-15,-2.61378826677592,6.89999433894985));
#2186=CARTESIAN_POINT('',(-3.1,-4.8,6.89514377088326));
#2187=CARTESIAN_POINT('',(-3.1,-2.61378826677592,6.89999433894985));
#2188=CARTESIAN_POINT('',(1.53102947450706E-15,-4.8,6.89514377088326));
#2189=CARTESIAN_POINT('Origin',(1.02140518265514E-15,-2.60868524819619,
4.6));
#2190=CARTESIAN_POINT('',(3.1,-2.60358222961647,2.30000566105015));
#2191=CARTESIAN_POINT('Origin',(3.1,-2.60868524819619,4.6));
#2192=CARTESIAN_POINT('',(5.10703848333215E-16,-2.60358222961647,2.30000566105015));
#2193=CARTESIAN_POINT('Origin',(1.02140518265514E-15,-2.60868524819619,
4.6));
#2194=CARTESIAN_POINT('',(-3.1,-2.60358222961647,2.30000566105015));
#2195=CARTESIAN_POINT('',(5.10703848333215E-16,-2.60358222961647,2.30000566105015));
#2196=CARTESIAN_POINT('Origin',(-3.1,-2.60868524819619,4.6));
#2197=CARTESIAN_POINT('Origin',(5.10703848333215E-16,-2.60358222961647,
2.30000566105015));
#2198=CARTESIAN_POINT('',(3.1,-4.8,2.29513244864701));
#2199=CARTESIAN_POINT('',(3.1,-2.60358222961647,2.30000566105014));
#2200=CARTESIAN_POINT('',(5.09621777810445E-16,-4.8,2.29513244864701));
#2201=CARTESIAN_POINT('Origin',(5.10703848333215E-16,-2.60358222961647,
2.30000566105015));
#2202=CARTESIAN_POINT('',(-3.1,-4.8,2.29513244864701));
#2203=CARTESIAN_POINT('',(5.09621777810445E-16,-4.8,2.29513244864701));
#2204=CARTESIAN_POINT('',(-3.1,-2.60358222961647,2.30000566105015));
#2205=CARTESIAN_POINT('Origin',(3.1,-2.80400935620766,4.5975662243235));
#2206=CARTESIAN_POINT('',(3.1,-5.29933346421912,6.39358962813111));
#2207=CARTESIAN_POINT('',(3.1,-4.8,6.89514377088326));
#2208=CARTESIAN_POINT('',(3.1,-5.29933346421912,2.79225506659792));
#2209=CARTESIAN_POINT('',(3.1,-5.29933346421912,2.79225506659792));
#2210=CARTESIAN_POINT('',(3.1,-4.8,2.29513244864701));
#2211=CARTESIAN_POINT('',(3.1,-2.60868524819619,3.6));
#2212=CARTESIAN_POINT('Origin',(3.1,-2.60868524819619,4.6));
#2213=CARTESIAN_POINT('Origin',(1.02140518265514E-15,-2.60868524819619,
4.6));
#2214=CARTESIAN_POINT('',(-3.1,-2.60868524819619,3.6));
#2215=CARTESIAN_POINT('',(7.99360577730109E-16,-2.60868524819619,3.6));
#2216=CARTESIAN_POINT('Origin',(-3.1,-2.60868524819619,4.6));
#2217=CARTESIAN_POINT('Origin',(1.41966208303115E-15,-5.29933346421912,
6.39358962813111));
#2218=CARTESIAN_POINT('',(-3.1,-5.29933346421912,6.39358962813111));
#2219=CARTESIAN_POINT('',(-3.1,-4.8,6.89514377088326));
#2220=CARTESIAN_POINT('',(1.41966208303115E-15,-5.29933346421912,6.39358962813111));
#2221=CARTESIAN_POINT('Origin',(6.20005173112651E-16,-5.29933346421912,
2.79225506659792));
#2222=CARTESIAN_POINT('',(-3.1,-5.29933346421912,2.79225506659792));
#2223=CARTESIAN_POINT('',(-3.1,-5.29933346421912,2.79225506659792));
#2224=CARTESIAN_POINT('',(6.20005173112651E-16,-5.29933346421912,2.79225506659792));
#2225=CARTESIAN_POINT('Origin',(5.09621777810445E-16,-4.8,2.29513244864701));
#2226=CARTESIAN_POINT('',(-3.1,-4.8,2.29513244864701));
#2227=CARTESIAN_POINT('Origin',(-3.1,-2.80400935620766,4.59756622432351));
#2228=CARTESIAN_POINT('Origin',(-5.10702591327575E-16,-4.8,-2.30000000000001));
#2229=CARTESIAN_POINT('',(3.1,-4.8,-2.30000000000001));
#2230=CARTESIAN_POINT('',(-5.10702591327575E-16,-4.8,-2.30000000000001));
#2231=CARTESIAN_POINT('',(3.1,-2.6086852481898,-2.3));
#2232=CARTESIAN_POINT('',(3.1,-2.6086852481898,-2.3));
#2233=CARTESIAN_POINT('',(-5.10702591327573E-16,-2.6086852481898,-2.3));
#2234=CARTESIAN_POINT('Origin',(-5.10702591327575E-16,-4.8,-2.30000000000001));
#2235=CARTESIAN_POINT('',(-3.1,-2.6086852481898,-2.3));
#2236=CARTESIAN_POINT('',(-5.10702591327573E-16,-2.6086852481898,-2.3));
#2237=CARTESIAN_POINT('',(-3.1,-4.8,-2.30000000000001));
#2238=CARTESIAN_POINT('',(-3.1,-2.6086852481898,-2.3));
#2239=CARTESIAN_POINT('',(-5.10702591327575E-16,-4.8,-2.30000000000001));
#2240=CARTESIAN_POINT('Origin',(-1.02140518265514E-15,-2.60868524818981,
-4.6));
#2241=CARTESIAN_POINT('',(3.1,-2.60868524818981,-6.9));
#2242=CARTESIAN_POINT('Origin',(3.1,-2.60868524818981,-4.6));
#2243=CARTESIAN_POINT('',(-1.53210777398272E-15,-2.60868524818981,-6.9));
#2244=CARTESIAN_POINT('Origin',(-1.02140518265514E-15,-2.60868524818981,
-4.6));
#2245=CARTESIAN_POINT('',(-3.1,-2.60868524818981,-6.9));
#2246=CARTESIAN_POINT('',(-1.53210777398272E-15,-2.60868524818981,-6.9));
#2247=CARTESIAN_POINT('Origin',(-3.1,-2.60868524818981,-4.6));
#2248=CARTESIAN_POINT('Origin',(-1.53210777398272E-15,-2.60868524818981,
-6.9));
#2249=CARTESIAN_POINT('',(3.1,-4.8,-6.90000000000001));
#2250=CARTESIAN_POINT('',(3.1,-2.60868524818981,-6.9));
#2251=CARTESIAN_POINT('',(-1.53210777398272E-15,-4.8,-6.90000000000001));
#2252=CARTESIAN_POINT('Origin',(-1.53210777398272E-15,-2.60868524818981,
-6.9));
#2253=CARTESIAN_POINT('',(-3.1,-4.8,-6.90000000000001));
#2254=CARTESIAN_POINT('',(-1.53210777398272E-15,-4.8,-6.90000000000001));
#2255=CARTESIAN_POINT('',(-3.1,-2.60868524818981,-6.9));
#2256=CARTESIAN_POINT('Origin',(3.1,-2.80400935620446,-4.60000000000001));
#2257=CARTESIAN_POINT('',(3.1,-5.29933346421912,-2.79933346421914));
#2258=CARTESIAN_POINT('',(3.1,-4.8,-2.30000000000001));
#2259=CARTESIAN_POINT('',(3.1,-5.29933346421912,-6.40066653578089));
#2260=CARTESIAN_POINT('',(3.1,-5.29933346421912,-6.40066653578089));
#2261=CARTESIAN_POINT('',(3.1,-4.8,-6.90000000000001));
#2262=CARTESIAN_POINT('',(3.1,-2.60868524818981,-5.6));
#2263=CARTESIAN_POINT('Origin',(3.1,-2.60868524818981,-4.6));
#2264=CARTESIAN_POINT('Origin',(-1.02140518265514E-15,-2.60868524818981,
-4.6));
#2265=CARTESIAN_POINT('',(-3.1,-2.60868524818981,-5.6));
#2266=CARTESIAN_POINT('',(-1.24344978758017E-15,-2.60868524818981,-5.6));
#2267=CARTESIAN_POINT('Origin',(-3.1,-2.60868524818981,-4.6));
#2268=CARTESIAN_POINT('Origin',(-6.21576893115958E-16,-5.29933346421912,
-2.79933346421914));
#2269=CARTESIAN_POINT('',(-3.1,-5.29933346421912,-2.79933346421914));
#2270=CARTESIAN_POINT('',(-3.1,-4.8,-2.30000000000001));
#2271=CARTESIAN_POINT('',(-6.21576893115958E-16,-5.29933346421912,-2.79933346421914));
#2272=CARTESIAN_POINT('Origin',(-1.42123347219434E-15,-5.29933346421912,
-6.40066653578089));
#2273=CARTESIAN_POINT('',(-3.1,-5.29933346421912,-6.40066653578089));
#2274=CARTESIAN_POINT('',(-3.1,-5.29933346421912,-6.40066653578089));
#2275=CARTESIAN_POINT('',(-1.42123347219434E-15,-5.29933346421912,-6.40066653578089));
#2276=CARTESIAN_POINT('Origin',(-1.53210777398272E-15,-4.8,-6.90000000000001));
#2277=CARTESIAN_POINT('',(-3.1,-4.8,-6.90000000000001));
#2278=CARTESIAN_POINT('Origin',(-3.1,-2.80400935620446,-4.60000000000001));
#2279=CARTESIAN_POINT('Origin',(1.725,8.01125077888507,8.68605715183998));
#2280=CARTESIAN_POINT('',(1.35,8.59154662419732,8.96452031697555));
#2281=CARTESIAN_POINT('',(2.1,8.46131049094713,8.22591450221639));
#2282=CARTESIAN_POINT('',(5.,7.95773077571303,5.36997201848099));
#2283=CARTESIAN_POINT('',(2.1,8.8059932045014,8.16513764003297));
#2284=CARTESIAN_POINT('',(2.1,7.94613271225997,8.3167542444604));
#2285=CARTESIAN_POINT('',(1.35,8.9362293377516,8.90374345479212));
#2286=CARTESIAN_POINT('',(-1.8,9.48322109740243,12.0058878767806));
#2287=CARTESIAN_POINT('',(1.35,8.07636884551017,9.05536005921956));
#2288=CARTESIAN_POINT('Origin',(2.22044604925031E-15,8.59154662419721,8.96452031697557));
#2289=CARTESIAN_POINT('',(-1.35,8.9362293377516,8.90374345479212));
#2290=CARTESIAN_POINT('',(2.1550161243006E-15,8.9362293377516,8.90374345479212));
#2291=CARTESIAN_POINT('',(-1.35,8.59154662419732,8.96452031697555));
#2292=CARTESIAN_POINT('',(-1.35,8.07636884551017,9.05536005921956));
#2293=CARTESIAN_POINT('',(2.02565103259889E-15,8.59154662419732,8.96452031697555));
#2294=CARTESIAN_POINT('Origin',(4.60108317910959E-15,11.0200074697548,20.7214364909386));
#2295=CARTESIAN_POINT('',(2.1,6.29677703721425,-6.06533439099344));
#2296=CARTESIAN_POINT('',(2.1,6.29677703721425,-6.06533439099344));
#2297=CARTESIAN_POINT('',(-2.1,6.29677703721425,-6.06533439099344));
#2298=CARTESIAN_POINT('',(-1.34677477858634E-15,6.29677703721425,-6.06533439099344));
#2299=CARTESIAN_POINT('',(-2.1,8.8059932045014,8.16513764003297));
#2300=CARTESIAN_POINT('',(-2.1,6.29677703721425,-6.06533439099344));
#2301=CARTESIAN_POINT('',(1.8,9.48322109740243,12.0058878767806));
#2302=CARTESIAN_POINT('Origin',(-1.725,8.01125077888507,8.68605715183998));
#2303=CARTESIAN_POINT('',(-2.1,8.46131049094713,8.2259145022164));
#2304=CARTESIAN_POINT('',(-2.1,7.94613271225997,8.3167542444604));
#2305=CARTESIAN_POINT('',(-5.,7.95773077571303,5.369972018481));
#2306=CARTESIAN_POINT('Origin',(2.1,7.19860554770036,7.08987513880606));
#2307=CARTESIAN_POINT('',(2.1,5.95209432365997,-6.00455752881001));
#2308=CARTESIAN_POINT('',(2.1,5.95209432365997,-6.00455752881001));
#2309=CARTESIAN_POINT('',(2.1,5.60455754445623,-6.2479054014136));
#2310=CARTESIAN_POINT('Origin',(2.1,5.65665199775631,-5.95246307550994));
#2311=CARTESIAN_POINT('',(2.1,3.43798048782938,-5.86587941054635));
#2312=CARTESIAN_POINT('',(2.1,5.60455754445623,-6.2479054014136));
#2313=CARTESIAN_POINT('',(2.1,3.37720362564595,-6.21056212410062));
#2314=CARTESIAN_POINT('',(2.1,3.43798048782938,-5.86587941054635));
#2315=CARTESIAN_POINT('',(2.1,5.54378068227281,-6.59258811496787));
#2316=CARTESIAN_POINT('',(2.1,5.54378068227281,-6.59258811496787));
#2317=CARTESIAN_POINT('Origin',(2.1,5.65665199775631,-5.95246307550994));
#2318=CARTESIAN_POINT('Origin',(-1.33327960423424E-15,5.95209432365997,
-6.00455752881001));
#2319=CARTESIAN_POINT('',(-2.1,5.95209432365997,-6.00455752881001));
#2320=CARTESIAN_POINT('',(-2.1,5.95209432365997,-6.00455752881001));
#2321=CARTESIAN_POINT('',(-1.33327960423424E-15,5.95209432365997,-6.00455752881001));
#2322=CARTESIAN_POINT('Origin',(-2.1,7.19860554770036,7.08987513880606));
#2323=CARTESIAN_POINT('',(-2.1,5.54378068227281,-6.59258811496787));
#2324=CARTESIAN_POINT('Origin',(-2.1,5.65665199775631,-5.95246307550994));
#2325=CARTESIAN_POINT('',(-2.1,3.37720362564595,-6.21056212410062));
#2326=CARTESIAN_POINT('',(-2.1,5.54378068227281,-6.59258811496787));
#2327=CARTESIAN_POINT('',(-2.1,3.43798048782938,-5.86587941054635));
#2328=CARTESIAN_POINT('',(-2.1,3.43798048782938,-5.86587941054635));
#2329=CARTESIAN_POINT('',(-2.1,5.60455754445623,-6.2479054014136));
#2330=CARTESIAN_POINT('',(-2.1,5.60455754445623,-6.2479054014136));
#2331=CARTESIAN_POINT('Origin',(-2.1,5.65665199775631,-5.95246307550994));
#2332=CARTESIAN_POINT('Origin',(-1.32171231193244E-15,5.65665199775631,
-5.95246307550994));
#2333=CARTESIAN_POINT('',(-1.38731368646585E-15,5.60455754445623,-6.2479054014136));
#2334=CARTESIAN_POINT('Origin',(-1.30248687625264E-15,3.43798048782938,
-5.86587941054635));
#2335=CARTESIAN_POINT('',(-1.30248687625264E-15,3.43798048782938,-5.86587941054635));
#2336=CARTESIAN_POINT('Origin',(-1.37902181320829E-15,3.37720362564595,
-6.21056212410062));
#2337=CARTESIAN_POINT('',(-1.37902181320829E-15,3.37720362564595,-6.21056212410062));
#2338=CARTESIAN_POINT('Origin',(-1.4638486234215E-15,5.54378068227281,-6.59258811496787));
#2339=CARTESIAN_POINT('',(-1.4638486234215E-15,5.54378068227281,-6.59258811496787));
#2340=CARTESIAN_POINT('Origin',(-1.32171231193244E-15,5.65665199775631,
-5.95246307550994));
#2341=UNCERTAINTY_MEASURE_WITH_UNIT(LENGTH_MEASURE(0.01),#2345,
'DISTANCE_ACCURACY_VALUE',
'Maximum model space distance between geometric entities at asserted c
onnectivities');
#2342=UNCERTAINTY_MEASURE_WITH_UNIT(LENGTH_MEASURE(0.01),#2345,
'DISTANCE_ACCURACY_VALUE',
'Maximum model space distance between geometric entities at asserted c
onnectivities');
#2343=(
GEOMETRIC_REPRESENTATION_CONTEXT(3)
GLOBAL_UNCERTAINTY_ASSIGNED_CONTEXT((#2341))
GLOBAL_UNIT_ASSIGNED_CONTEXT((#2345,#2347,#2348))
REPRESENTATION_CONTEXT('','3D')
);
#2344=(
GEOMETRIC_REPRESENTATION_CONTEXT(3)
GLOBAL_UNCERTAINTY_ASSIGNED_CONTEXT((#2342))
GLOBAL_UNIT_ASSIGNED_CONTEXT((#2345,#2347,#2348))
REPRESENTATION_CONTEXT('','3D')
);
#2345=(
LENGTH_UNIT()
NAMED_UNIT(*)
SI_UNIT(.MILLI.,.METRE.)
);
#2346=(
LENGTH_UNIT()
NAMED_UNIT(*)
SI_UNIT($,.METRE.)
);
#2347=(
NAMED_UNIT(*)
PLANE_ANGLE_UNIT()
SI_UNIT($,.RADIAN.)
);
#2348=(
NAMED_UNIT(*)
SI_UNIT($,.STERADIAN.)
SOLID_ANGLE_UNIT()
);
#2349=SHAPE_DEFINITION_REPRESENTATION(#2350,#2351);
#2350=PRODUCT_DEFINITION_SHAPE('',$,#2353);
#2351=SHAPE_REPRESENTATION('',(#1453),#2343);
#2352=PRODUCT_DEFINITION_CONTEXT('part definition',#2357,'design');
#2353=PRODUCT_DEFINITION('#2 part 4 switch','#2 part 4 switch v1',#2354,
#2352);
#2354=PRODUCT_DEFINITION_FORMATION('',$,#2359);
#2355=PRODUCT_RELATED_PRODUCT_CATEGORY('#2 part 4 switch v1',
'#2 part 4 switch v1',(#2359));
#2356=APPLICATION_PROTOCOL_DEFINITION('international standard',
'automotive_design',2009,#2357);
#2357=APPLICATION_CONTEXT(
'Core Data for Automotive Mechanical Design Process');
#2358=PRODUCT_CONTEXT('part definition',#2357,'mechanical');
#2359=PRODUCT('#2 part 4 switch','#2 part 4 switch v1',$,(#2358));
#2360=PRESENTATION_STYLE_ASSIGNMENT((#2363));
#2361=PRESENTATION_STYLE_ASSIGNMENT((#2364));
#2362=PRESENTATION_STYLE_ASSIGNMENT((#2365));
#2363=SURFACE_STYLE_USAGE(.BOTH.,#2366);
#2364=SURFACE_STYLE_USAGE(.BOTH.,#2367);
#2365=SURFACE_STYLE_USAGE(.BOTH.,#2368);
#2366=SURFACE_SIDE_STYLE('',(#2369));
#2367=SURFACE_SIDE_STYLE('',(#2370));
#2368=SURFACE_SIDE_STYLE('',(#2371));
#2369=SURFACE_STYLE_FILL_AREA(#2372);
#2370=SURFACE_STYLE_FILL_AREA(#2373);
#2371=SURFACE_STYLE_FILL_AREA(#2374);
#2372=FILL_AREA_STYLE('Steel - Satin',(#2375));
#2373=FILL_AREA_STYLE('Opaque(25,25,25)',(#2376));
#2374=FILL_AREA_STYLE('Opaque(209,204,192)',(#2377));
#2375=FILL_AREA_STYLE_COLOUR('Steel - Satin',#2378);
#2376=FILL_AREA_STYLE_COLOUR('Opaque(25,25,25)',#2379);
#2377=FILL_AREA_STYLE_COLOUR('Opaque(209,204,192)',#2380);
#2378=COLOUR_RGB('Steel - Satin',0.627450980392157,0.627450980392157,0.627450980392157);
#2379=COLOUR_RGB('Opaque(25,25,25)',0.0980392156862745,0.0980392156862745,
0.0980392156862745);
#2380=COLOUR_RGB('Opaque(209,204,192)',0.819607843137255,0.8,0.752941176470588);
ENDSEC;
END-ISO-10303-21;
