ISO-10303-21;
HEADER;
/* Generated by software containing ST-Developer
 * from STEP Tools, Inc. (www.steptools.com) 
 */

FILE_DESCRIPTION(
/* description */ (''),
/* implementation_level */ '2;1');

FILE_NAME(
/* name */ '#2 part 2 long hook .step',
/* time_stamp */ '2023-07-05T12:05:09+05:30',
/* author */ (''),
/* organization */ (''),
/* preprocessor_version */ 'ST-DEVELOPER v19.2',
/* originating_system */ 'Autodesk Translation Framework v12.6.0.85',
/* authorisation */ '');

FILE_SCHEMA (('AUTOMOTIVE_DESIGN { 1 0 10303 214 3 1 1 }'));
ENDSEC;

DATA;
#10=MECHANICAL_DESIGN_GEOMETRIC_PRESENTATION_REPRESENTATION('',(#13,#14,
#15),#2452);
#11=SHAPE_REPRESENTATION_RELATIONSHIP('SRR','None',#2459,#12);
#12=ADVANCED_BREP_SHAPE_REPRESENTATION('',(#16,#17,#18),#2451);
#13=STYLED_ITEM('',(#2469),#16);
#14=STYLED_ITEM('',(#2469),#17);
#15=STYLED_ITEM('',(#2469),#18);
#16=MANIFOLD_SOLID_BREP('Body1',#1182);
#17=MANIFOLD_SOLID_BREP('Body2',#1183);
#18=MANIFOLD_SOLID_BREP('Body3',#1184);
#19=ELLIPSE('',#1246,6.36396103067893,4.5);
#20=ELLIPSE('',#1250,6.36396103067893,4.5);
#21=B_SPLINE_SURFACE_WITH_KNOTS('',3,3,((#1662,#1663,#1664,#1665,#1666,
#1667,#1668),(#1669,#1670,#1671,#1672,#1673,#1674,#1675),(#1676,#1677,#1678,
#1679,#1680,#1681,#1682),(#1683,#1684,#1685,#1686,#1687,#1688,#1689)),
 .UNSPECIFIED.,.F.,.F.,.F.,(4,4),(4,1,1,1,4),(0.,1.),(0.,0.0693962457131054,
0.104094368569658,0.173490614282763,0.242886859995869),.UNSPECIFIED.);
#22=B_SPLINE_SURFACE_WITH_KNOTS('',5,1,((#1713,#1714),(#1715,#1716),(#1717,
#1718),(#1719,#1720),(#1721,#1722),(#1723,#1724),(#1725,#1726),(#1727,#1728),
(#1729,#1730),(#1731,#1732)),.UNSPECIFIED.,.F.,.F.,.F.,(6,1,1,1,1,6),(2,
2),(-0.242886859995869,-0.2,-0.15,-0.1,-0.05,0.),(0.,1.152),
 .UNSPECIFIED.);
#23=B_SPLINE_SURFACE_WITH_KNOTS('',3,3,((#1761,#1762,#1763,#1764,#1765,
#1766),(#1767,#1768,#1769,#1770,#1771,#1772),(#1773,#1774,#1775,#1776,#1777,
#1778),(#1779,#1780,#1781,#1782,#1783,#1784)),.UNSPECIFIED.,.F.,.F.,.F.,
(4,4),(4,1,1,4),(0.,1.),(-0.242886859995869,-0.138792491426211,-0.0693962457131053,
1.64760745824229E-16),.UNSPECIFIED.);
#24=B_SPLINE_SURFACE_WITH_KNOTS('',3,3,((#1799,#1800,#1801,#1802,#1803,
#1804,#1805,#1806,#1807,#1808),(#1809,#1810,#1811,#1812,#1813,#1814,#1815,
#1816,#1817,#1818),(#1819,#1820,#1821,#1822,#1823,#1824,#1825,#1826,#1827,
#1828),(#1829,#1830,#1831,#1832,#1833,#1834,#1835,#1836,#1837,#1838)),
 .UNSPECIFIED.,.F.,.F.,.F.,(4,4),(4,1,1,1,1,1,1,4),(0.,1.00016494339636),
(0.242721916599507,0.34341659523703,0.443946330478191,0.544476065719352,
0.645005800960513,0.745535536201674,0.846065271442835,0.946759950080358),
 .UNSPECIFIED.);
#25=B_SPLINE_SURFACE_WITH_KNOTS('',3,3,((#2003,#2004,#2005,#2006,#2007,
#2008,#2009,#2010,#2011),(#2012,#2013,#2014,#2015,#2016,#2017,#2018,#2019,
#2020),(#2021,#2022,#2023,#2024,#2025,#2026,#2027,#2028,#2029),(#2030,#2031,
#2032,#2033,#2034,#2035,#2036,#2037,#2038)),.UNSPECIFIED.,.F.,.F.,.F.,(4,
4),(4,3,1,1,4),(0.,1.),(-0.000139230806601942,-1.34544642617699E-17,0.428571428571429,
0.571428571428572,1.),.UNSPECIFIED.);
#26=B_SPLINE_SURFACE_WITH_KNOTS('',3,3,((#2146,#2147,#2148,#2149,#2150,
#2151,#2152,#2153,#2154),(#2155,#2156,#2157,#2158,#2159,#2160,#2161,#2162,
#2163),(#2164,#2165,#2166,#2167,#2168,#2169,#2170,#2171,#2172),(#2173,#2174,
#2175,#2176,#2177,#2178,#2179,#2180,#2181)),.UNSPECIFIED.,.F.,.F.,.F.,(4,
4),(4,1,1,1,1,1,4),(0.,1.00002641628421),(-0.946621422968206,-0.846065271442833,
-0.645005800960512,-0.544476065719351,-0.44394633047819,-0.343416595237029,
-0.242860443711657),.UNSPECIFIED.);
#27=B_SPLINE_SURFACE_WITH_KNOTS('',3,3,((#2220,#2221,#2222,#2223,#2224,
#2225,#2226,#2227,#2228),(#2229,#2230,#2231,#2232,#2233,#2234,#2235,#2236,
#2237),(#2238,#2239,#2240,#2241,#2242,#2243,#2244,#2245,#2246),(#2247,#2248,
#2249,#2250,#2251,#2252,#2253,#2254,#2255)),.UNSPECIFIED.,.F.,.F.,.F.,(4,
4),(4,1,1,3,4),(0.,1.),(-1.,-0.571428571428572,-0.428571428571429,-8.95910867126897E-16,
0.00021733207000757),.UNSPECIFIED.);
#28=B_SPLINE_SURFACE_WITH_KNOTS('',5,1,((#2352,#2353),(#2354,#2355),(#2356,
#2357),(#2358,#2359),(#2360,#2361),(#2362,#2363),(#2364,#2365),(#2366,#2367),
(#2368,#2369),(#2370,#2371),(#2372,#2373),(#2374,#2375),(#2376,#2377),(#2378,
#2379),(#2380,#2381),(#2382,#2383),(#2384,#2385),(#2386,#2387),(#2388,#2389),
(#2390,#2391)),.UNSPECIFIED.,.F.,.F.,.F.,(6,1,1,1,1,1,1,1,1,1,1,1,1,1,1,
6),(2,2),(-0.946595006683994,-0.9,-0.85,-0.8,-0.75,-0.7,-0.65,-0.6,-0.55,
-0.5,-0.45,-0.4,-0.35,-0.3,-0.25,-0.242886859995869),(0.,0.588),
 .UNSPECIFIED.);
#29=B_SPLINE_SURFACE_WITH_KNOTS('',5,1,((#2407,#2408),(#2409,#2410),(#2411,
#2412),(#2413,#2414),(#2415,#2416),(#2417,#2418),(#2419,#2420),(#2421,#2422),
(#2423,#2424),(#2425,#2426)),.UNSPECIFIED.,.F.,.F.,.F.,(6,1,1,1,1,6),(2,
2),(-1.,-0.8,-0.6,-0.4,-0.2,0.),(0.,0.588),.UNSPECIFIED.);
#30=CYLINDRICAL_SURFACE('',#1203,2.45);
#31=CYLINDRICAL_SURFACE('',#1283,0.325000000000004);
#32=CYLINDRICAL_SURFACE('',#1286,1.29999999988164);
#33=CYLINDRICAL_SURFACE('',#1288,3.);
#34=CYLINDRICAL_SURFACE('',#1292,4.5);
#35=CYLINDRICAL_SURFACE('',#1293,0.325000000000001);
#36=CYLINDRICAL_SURFACE('',#1295,0.324999999999999);
#37=CYLINDRICAL_SURFACE('',#1297,0.325);
#38=CYLINDRICAL_SURFACE('',#1299,0.325000000000001);
#39=CYLINDRICAL_SURFACE('',#1301,0.325);
#40=CYLINDRICAL_SURFACE('',#1303,1.25);
#41=CYLINDRICAL_SURFACE('',#1308,1.75);
#42=FACE_BOUND('',#180,.T.);
#43=FACE_BOUND('',#187,.T.);
#44=B_SPLINE_CURVE_WITH_KNOTS('',3,(#1650,#1651,#1652,#1653,#1654,#1655,
#1656),.UNSPECIFIED.,.F.,.F.,(4,1,1,1,4),(-0.236109935069376,-0.173490614282763,
-0.104094368569658,-0.0693962457131054,-0.0109685772084145),
 .UNSPECIFIED.);
#45=B_SPLINE_CURVE_WITH_KNOTS('',3,(#1691,#1692,#1693,#1694,#1695,#1696),
 .UNSPECIFIED.,.F.,.F.,(4,2,4),(0.,0.0215009128458752,0.0429087700897929),
 .UNSPECIFIED.);
#46=B_SPLINE_CURVE_WITH_KNOTS('',3,(#1698,#1699,#1700,#1701,#1702,#1703,
#1704),.UNSPECIFIED.,.F.,.F.,(4,1,1,1,4),(0.,0.0693962457131054,0.104094368569658,
0.173490614282763,0.242886859995869),.UNSPECIFIED.);
#47=B_SPLINE_CURVE_WITH_KNOTS('',3,(#1705,#1706,#1707,#1708,#1709,#1710),
 .UNSPECIFIED.,.F.,.F.,(4,2,4),(-0.0431231584357394,-0.021559577835264,
0.),.UNSPECIFIED.);
#48=B_SPLINE_CURVE_WITH_KNOTS('',3,(#1736,#1737,#1738,#1739,#1740,#1741),
 .UNSPECIFIED.,.F.,.F.,(4,1,1,4),(-0.242886859995869,-0.138792491426211,
-0.0693962457131053,1.64760745824229E-16),.UNSPECIFIED.);
#49=B_SPLINE_CURVE_WITH_KNOTS('',3,(#1754,#1755,#1756,#1757,#1758,#1759),
 .UNSPECIFIED.,.F.,.F.,(4,1,1,4),(0.0109804979558138,0.0693962457131053,
0.138792491426211,0.236124972322641),.UNSPECIFIED.);
#50=B_SPLINE_CURVE_WITH_KNOTS('',3,(#1785,#1786,#1787,#1788,#1789,#1790),
 .UNSPECIFIED.,.F.,.F.,(4,2,4),(0.,0.0215665869000517,0.0431277172059743),
 .UNSPECIFIED.);
#51=B_SPLINE_CURVE_WITH_KNOTS('',3,(#1791,#1792,#1793,#1794,#1795,#1796),
 .UNSPECIFIED.,.F.,.F.,(4,2,4),(-0.0427476966761,-0.0212698717318956,0.),
 .UNSPECIFIED.);
#52=B_SPLINE_CURVE_WITH_KNOTS('',3,(#1840,#1841,#1842,#1843,#1844,#1845,
#1846,#1847),.UNSPECIFIED.,.F.,.F.,(4,2,2,4),(0.,0.0291702881943837,0.0563309799737051,
0.0581322704457634),.UNSPECIFIED.);
#53=B_SPLINE_CURVE_WITH_KNOTS('',5,(#1849,#1850,#1851,#1852,#1853,#1854,
#1855,#1856,#1857,#1858,#1859,#1860,#1861,#1862,#1863,#1864,#1865,#1866,
#1867,#1868),.UNSPECIFIED.,.F.,.F.,(6,1,1,1,1,1,1,1,1,1,1,1,1,1,1,6),(0.242886859995869,
0.25,0.3,0.35,0.4,0.45,0.5,0.55,0.6,0.65,0.7,0.75,0.8,0.85,0.9,0.946595006683994),
 .UNSPECIFIED.);
#54=B_SPLINE_CURVE_WITH_KNOTS('',3,(#1871,#1872,#1873,#1874,#1875,#1876,
#1877,#1878,#1879,#1880),.UNSPECIFIED.,.F.,.F.,(4,1,1,1,1,1,1,4),(-0.946595006683996,
-0.846065271442835,-0.745535536201674,-0.645005800960513,-0.544476065719352,
-0.443946330478191,-0.34341659523703,-0.281852329179789),.UNSPECIFIED.);
#55=B_SPLINE_CURVE_WITH_KNOTS('',3,(#1920,#1921,#1922,#1923,#1924,#1925,
#1926,#1927,#1928,#1929),.UNSPECIFIED.,.F.,.F.,(4,2,2,2,4),(0.,0.606329803429373,
1.21265960685875,1.81898941028812,2.42518278287369),.UNSPECIFIED.);
#56=B_SPLINE_CURVE_WITH_KNOTS('',3,(#1940,#1941,#1942,#1943,#1944,#1945),
 .UNSPECIFIED.,.F.,.F.,(4,2,4),(-0.0432610276348726,-0.0162178683352041,
0.),.UNSPECIFIED.);
#57=B_SPLINE_CURVE_WITH_KNOTS('',3,(#1979,#1980,#1981,#1982),
 .UNSPECIFIED.,.F.,.F.,(4,4),(0.,0.368925547268542),.UNSPECIFIED.);
#58=B_SPLINE_CURVE_WITH_KNOTS('',3,(#2039,#2040,#2041,#2042,#2043,#2044),
 .UNSPECIFIED.,.F.,.F.,(4,1,1,4),(-1.34544642617699E-17,0.428571428571429,
0.571428571428572,1.),.UNSPECIFIED.);
#59=B_SPLINE_CURVE_WITH_KNOTS('',3,(#2045,#2046,#2047,#2048,#2049,#2050,
#2051,#2052,#2053,#2054,#2055,#2056,#2057,#2058,#2059,#2060),
 .UNSPECIFIED.,.F.,.F.,(4,3,3,3,3,4),(-0.984519645362142,-0.571428571428572,
-0.428571428571429,-8.23888513166793E-7,1.34544642617699E-17,0.000139230806601942),
 .UNSPECIFIED.);
#60=B_SPLINE_CURVE_WITH_KNOTS('',3,(#2104,#2105,#2106,#2107,#2108,#2109),
 .UNSPECIFIED.,.F.,.F.,(4,2,4),(0.,0.0117319059112298,0.0399059943265893),
 .UNSPECIFIED.);
#61=B_SPLINE_CURVE_WITH_KNOTS('',3,(#2183,#2184,#2185,#2186,#2187,#2188,
#2189,#2190),.UNSPECIFIED.,.F.,.F.,(4,2,2,4),(0.,0.00180268503026318,0.0289387308895434,
0.0580764555327435),.UNSPECIFIED.);
#62=B_SPLINE_CURVE_WITH_KNOTS('',3,(#2191,#2192,#2193,#2194,#2195,#2196,
#2197,#2198,#2199),.UNSPECIFIED.,.F.,.F.,(4,1,1,1,1,1,4),(0.28185746814899,
0.343416595237029,0.44394633047819,0.544476065719351,0.645005800960512,
0.846065271442833,0.946595006683994),.UNSPECIFIED.);
#63=B_SPLINE_CURVE_WITH_KNOTS('',5,(#2200,#2201,#2202,#2203,#2204,#2205,
#2206,#2207,#2208,#2209,#2210,#2211,#2212,#2213,#2214,#2215,#2216,#2217,
#2218,#2219),.UNSPECIFIED.,.F.,.F.,(6,1,1,1,1,1,1,1,1,1,1,1,1,1,1,6),(-0.946595006683994,
-0.9,-0.85,-0.8,-0.75,-0.7,-0.65,-0.6,-0.55,-0.5,-0.45,-0.4,-0.35,-0.3,
-0.25,-0.242886859995869),.UNSPECIFIED.);
#64=B_SPLINE_CURVE_WITH_KNOTS('',3,(#2257,#2258,#2259,#2260,#2261,#2262),
 .UNSPECIFIED.,.F.,.F.,(4,1,1,4),(-1.,-0.571428571428572,-0.428571428571429,
-8.95910867126897E-16),.UNSPECIFIED.);
#65=B_SPLINE_CURVE_WITH_KNOTS('',3,(#2264,#2265,#2266,#2267,#2268,#2269,
#2270,#2271,#2272,#2273,#2274,#2275,#2276,#2277,#2278,#2279,#2280,#2281,
#2282,#2283,#2284,#2285,#2286,#2287,#2288,#2289,#2290,#2291,#2292,#2293,
#2294,#2295,#2296,#2297,#2298,#2299,#2300),.UNSPECIFIED.,.F.,.F.,(4,3,3,
3,3,3,3,3,3,3,3,3,4),(-0.00021733207000757,-2.85006853484251E-5,1.28580870366559E-6,
0.0535725536540443,0.108056181569877,0.163891135483812,0.221310614493597,
0.281584342649405,0.343673381070062,0.408235279481938,0.428571428571429,
0.571428571428572,0.984519645345032),.UNSPECIFIED.);
#66=B_SPLINE_CURVE_WITH_KNOTS('',3,(#2301,#2302,#2303,#2304,#2305,#2306),
 .UNSPECIFIED.,.F.,.F.,(4,2,4),(0.,0.0212548258521811,0.0430711334454899),
 .UNSPECIFIED.);
#67=PLANE('',#1201);
#68=PLANE('',#1209);
#69=PLANE('',#1216);
#70=PLANE('',#1220);
#71=PLANE('',#1224);
#72=PLANE('',#1228);
#73=PLANE('',#1232);
#74=PLANE('',#1236);
#75=PLANE('',#1237);
#76=PLANE('',#1241);
#77=PLANE('',#1245);
#78=PLANE('',#1247);
#79=PLANE('',#1249);
#80=PLANE('',#1254);
#81=PLANE('',#1258);
#82=PLANE('',#1262);
#83=PLANE('',#1266);
#84=PLANE('',#1270);
#85=PLANE('',#1274);
#86=PLANE('',#1278);
#87=PLANE('',#1282);
#88=PLANE('',#1284);
#89=PLANE('',#1285);
#90=PLANE('',#1287);
#91=PLANE('',#1289);
#92=PLANE('',#1290);
#93=PLANE('',#1294);
#94=PLANE('',#1296);
#95=PLANE('',#1298);
#96=PLANE('',#1300);
#97=PLANE('',#1302);
#98=PLANE('',#1306);
#99=PLANE('',#1307);
#100=PLANE('',#1311);
#101=PLANE('',#1312);
#102=FACE_OUTER_BOUND('',#178,.T.);
#103=FACE_OUTER_BOUND('',#179,.T.);
#104=FACE_OUTER_BOUND('',#181,.T.);
#105=FACE_OUTER_BOUND('',#182,.T.);
#106=FACE_OUTER_BOUND('',#183,.T.);
#107=FACE_OUTER_BOUND('',#184,.T.);
#108=FACE_OUTER_BOUND('',#185,.T.);
#109=FACE_OUTER_BOUND('',#186,.T.);
#110=FACE_OUTER_BOUND('',#188,.T.);
#111=FACE_OUTER_BOUND('',#189,.T.);
#112=FACE_OUTER_BOUND('',#190,.T.);
#113=FACE_OUTER_BOUND('',#191,.T.);
#114=FACE_OUTER_BOUND('',#192,.T.);
#115=FACE_OUTER_BOUND('',#193,.T.);
#116=FACE_OUTER_BOUND('',#194,.T.);
#117=FACE_OUTER_BOUND('',#195,.T.);
#118=FACE_OUTER_BOUND('',#196,.T.);
#119=FACE_OUTER_BOUND('',#197,.T.);
#120=FACE_OUTER_BOUND('',#198,.T.);
#121=FACE_OUTER_BOUND('',#199,.T.);
#122=FACE_OUTER_BOUND('',#200,.T.);
#123=FACE_OUTER_BOUND('',#201,.T.);
#124=FACE_OUTER_BOUND('',#202,.T.);
#125=FACE_OUTER_BOUND('',#203,.T.);
#126=FACE_OUTER_BOUND('',#204,.T.);
#127=FACE_OUTER_BOUND('',#205,.T.);
#128=FACE_OUTER_BOUND('',#206,.T.);
#129=FACE_OUTER_BOUND('',#207,.T.);
#130=FACE_OUTER_BOUND('',#208,.T.);
#131=FACE_OUTER_BOUND('',#209,.T.);
#132=FACE_OUTER_BOUND('',#210,.T.);
#133=FACE_OUTER_BOUND('',#211,.T.);
#134=FACE_OUTER_BOUND('',#212,.T.);
#135=FACE_OUTER_BOUND('',#213,.T.);
#136=FACE_OUTER_BOUND('',#214,.T.);
#137=FACE_OUTER_BOUND('',#215,.T.);
#138=FACE_OUTER_BOUND('',#216,.T.);
#139=FACE_OUTER_BOUND('',#217,.T.);
#140=FACE_OUTER_BOUND('',#218,.T.);
#141=FACE_OUTER_BOUND('',#219,.T.);
#142=FACE_OUTER_BOUND('',#220,.T.);
#143=FACE_OUTER_BOUND('',#221,.T.);
#144=FACE_OUTER_BOUND('',#222,.T.);
#145=FACE_OUTER_BOUND('',#223,.T.);
#146=FACE_OUTER_BOUND('',#224,.T.);
#147=FACE_OUTER_BOUND('',#225,.T.);
#148=FACE_OUTER_BOUND('',#226,.T.);
#149=FACE_OUTER_BOUND('',#227,.T.);
#150=FACE_OUTER_BOUND('',#228,.T.);
#151=FACE_OUTER_BOUND('',#229,.T.);
#152=FACE_OUTER_BOUND('',#230,.T.);
#153=FACE_OUTER_BOUND('',#231,.T.);
#154=FACE_OUTER_BOUND('',#232,.T.);
#155=FACE_OUTER_BOUND('',#233,.T.);
#156=FACE_OUTER_BOUND('',#234,.T.);
#157=FACE_OUTER_BOUND('',#235,.T.);
#158=FACE_OUTER_BOUND('',#236,.T.);
#159=FACE_OUTER_BOUND('',#237,.T.);
#160=FACE_OUTER_BOUND('',#238,.T.);
#161=FACE_OUTER_BOUND('',#239,.T.);
#162=FACE_OUTER_BOUND('',#240,.T.);
#163=FACE_OUTER_BOUND('',#241,.T.);
#164=FACE_OUTER_BOUND('',#242,.T.);
#165=FACE_OUTER_BOUND('',#243,.T.);
#166=FACE_OUTER_BOUND('',#244,.T.);
#167=FACE_OUTER_BOUND('',#245,.T.);
#168=FACE_OUTER_BOUND('',#246,.T.);
#169=FACE_OUTER_BOUND('',#247,.T.);
#170=FACE_OUTER_BOUND('',#248,.T.);
#171=FACE_OUTER_BOUND('',#249,.T.);
#172=FACE_OUTER_BOUND('',#250,.T.);
#173=FACE_OUTER_BOUND('',#251,.T.);
#174=FACE_OUTER_BOUND('',#252,.T.);
#175=FACE_OUTER_BOUND('',#253,.T.);
#176=FACE_OUTER_BOUND('',#254,.T.);
#177=FACE_OUTER_BOUND('',#255,.T.);
#178=EDGE_LOOP('',(#754,#755,#756,#757));
#179=EDGE_LOOP('',(#758,#759));
#180=EDGE_LOOP('',(#760));
#181=EDGE_LOOP('',(#761,#762,#763,#764));
#182=EDGE_LOOP('',(#765,#766,#767,#768));
#183=EDGE_LOOP('',(#769,#770,#771,#772));
#184=EDGE_LOOP('',(#773,#774,#775,#776,#777,#778));
#185=EDGE_LOOP('',(#779,#780,#781,#782));
#186=EDGE_LOOP('',(#783,#784));
#187=EDGE_LOOP('',(#785));
#188=EDGE_LOOP('',(#786,#787,#788,#789));
#189=EDGE_LOOP('',(#790,#791,#792,#793));
#190=EDGE_LOOP('',(#794,#795,#796,#797));
#191=EDGE_LOOP('',(#798,#799,#800,#801));
#192=EDGE_LOOP('',(#802,#803,#804,#805));
#193=EDGE_LOOP('',(#806,#807,#808,#809));
#194=EDGE_LOOP('',(#810,#811,#812,#813));
#195=EDGE_LOOP('',(#814,#815,#816,#817));
#196=EDGE_LOOP('',(#818,#819,#820,#821));
#197=EDGE_LOOP('',(#822,#823,#824,#825));
#198=EDGE_LOOP('',(#826,#827,#828,#829));
#199=EDGE_LOOP('',(#830,#831,#832,#833));
#200=EDGE_LOOP('',(#834,#835,#836,#837));
#201=EDGE_LOOP('',(#838,#839,#840,#841));
#202=EDGE_LOOP('',(#842,#843,#844,#845));
#203=EDGE_LOOP('',(#846,#847,#848,#849));
#204=EDGE_LOOP('',(#850,#851,#852,#853));
#205=EDGE_LOOP('',(#854,#855,#856,#857));
#206=EDGE_LOOP('',(#858,#859,#860,#861));
#207=EDGE_LOOP('',(#862,#863,#864,#865));
#208=EDGE_LOOP('',(#866,#867,#868,#869));
#209=EDGE_LOOP('',(#870,#871,#872,#873,#874,#875,#876,#877,#878,#879,#880,
#881,#882,#883,#884,#885,#886,#887,#888,#889));
#210=EDGE_LOOP('',(#890,#891,#892,#893));
#211=EDGE_LOOP('',(#894,#895,#896,#897));
#212=EDGE_LOOP('',(#898,#899,#900,#901));
#213=EDGE_LOOP('',(#902,#903,#904,#905));
#214=EDGE_LOOP('',(#906,#907,#908,#909));
#215=EDGE_LOOP('',(#910,#911,#912,#913));
#216=EDGE_LOOP('',(#914,#915,#916,#917));
#217=EDGE_LOOP('',(#918,#919,#920,#921));
#218=EDGE_LOOP('',(#922,#923,#924,#925));
#219=EDGE_LOOP('',(#926,#927,#928,#929));
#220=EDGE_LOOP('',(#930,#931,#932,#933));
#221=EDGE_LOOP('',(#934,#935,#936,#937));
#222=EDGE_LOOP('',(#938,#939,#940,#941));
#223=EDGE_LOOP('',(#942,#943,#944,#945));
#224=EDGE_LOOP('',(#946,#947,#948,#949));
#225=EDGE_LOOP('',(#950,#951,#952,#953));
#226=EDGE_LOOP('',(#954,#955,#956,#957));
#227=EDGE_LOOP('',(#958,#959,#960,#961));
#228=EDGE_LOOP('',(#962,#963,#964,#965));
#229=EDGE_LOOP('',(#966,#967,#968,#969));
#230=EDGE_LOOP('',(#970,#971,#972,#973));
#231=EDGE_LOOP('',(#974,#975,#976,#977));
#232=EDGE_LOOP('',(#978,#979,#980,#981));
#233=EDGE_LOOP('',(#982,#983,#984,#985));
#234=EDGE_LOOP('',(#986,#987,#988,#989));
#235=EDGE_LOOP('',(#990,#991,#992,#993));
#236=EDGE_LOOP('',(#994,#995,#996,#997,#998,#999,#1000,#1001,#1002,#1003,
#1004,#1005,#1006,#1007,#1008,#1009,#1010,#1011,#1012,#1013));
#237=EDGE_LOOP('',(#1014,#1015,#1016,#1017,#1018,#1019,#1020,#1021,#1022,
#1023,#1024,#1025));
#238=EDGE_LOOP('',(#1026,#1027,#1028,#1029));
#239=EDGE_LOOP('',(#1030,#1031,#1032,#1033));
#240=EDGE_LOOP('',(#1034,#1035,#1036,#1037));
#241=EDGE_LOOP('',(#1038,#1039,#1040,#1041));
#242=EDGE_LOOP('',(#1042,#1043,#1044,#1045));
#243=EDGE_LOOP('',(#1046,#1047,#1048,#1049));
#244=EDGE_LOOP('',(#1050,#1051,#1052,#1053));
#245=EDGE_LOOP('',(#1054,#1055,#1056,#1057));
#246=EDGE_LOOP('',(#1058,#1059,#1060,#1061));
#247=EDGE_LOOP('',(#1062,#1063,#1064,#1065));
#248=EDGE_LOOP('',(#1066,#1067,#1068,#1069));
#249=EDGE_LOOP('',(#1070,#1071,#1072,#1073));
#250=EDGE_LOOP('',(#1074,#1075,#1076,#1077));
#251=EDGE_LOOP('',(#1078));
#252=EDGE_LOOP('',(#1079));
#253=EDGE_LOOP('',(#1080,#1081,#1082,#1083));
#254=EDGE_LOOP('',(#1084));
#255=EDGE_LOOP('',(#1085));
#256=LINE('',#1645,#351);
#257=LINE('',#1660,#352);
#258=LINE('',#1734,#353);
#259=LINE('',#1743,#354);
#260=LINE('',#1745,#355);
#261=LINE('',#1746,#356);
#262=LINE('',#1749,#357);
#263=LINE('',#1870,#358);
#264=LINE('',#1884,#359);
#265=LINE('',#1890,#360);
#266=LINE('',#1891,#361);
#267=LINE('',#1892,#362);
#268=LINE('',#1896,#363);
#269=LINE('',#1902,#364);
#270=LINE('',#1903,#365);
#271=LINE('',#1904,#366);
#272=LINE('',#1908,#367);
#273=LINE('',#1914,#368);
#274=LINE('',#1915,#369);
#275=LINE('',#1916,#370);
#276=LINE('',#1935,#371);
#277=LINE('',#1937,#372);
#278=LINE('',#1939,#373);
#279=LINE('',#1949,#374);
#280=LINE('',#1955,#375);
#281=LINE('',#1956,#376);
#282=LINE('',#1957,#377);
#283=LINE('',#1961,#378);
#284=LINE('',#1967,#379);
#285=LINE('',#1968,#380);
#286=LINE('',#1969,#381);
#287=LINE('',#1972,#382);
#288=LINE('',#1974,#383);
#289=LINE('',#1975,#384);
#290=LINE('',#1987,#385);
#291=LINE('',#1989,#386);
#292=LINE('',#1990,#387);
#293=LINE('',#1994,#388);
#294=LINE('',#2001,#389);
#295=LINE('',#2002,#390);
#296=LINE('',#2068,#391);
#297=LINE('',#2070,#392);
#298=LINE('',#2071,#393);
#299=LINE('',#2075,#394);
#300=LINE('',#2081,#395);
#301=LINE('',#2082,#396);
#302=LINE('',#2083,#397);
#303=LINE('',#2088,#398);
#304=LINE('',#2093,#399);
#305=LINE('',#2094,#400);
#306=LINE('',#2095,#401);
#307=LINE('',#2101,#402);
#308=LINE('',#2113,#403);
#309=LINE('',#2114,#404);
#310=LINE('',#2115,#405);
#311=LINE('',#2119,#406);
#312=LINE('',#2125,#407);
#313=LINE('',#2126,#408);
#314=LINE('',#2127,#409);
#315=LINE('',#2131,#410);
#316=LINE('',#2137,#411);
#317=LINE('',#2138,#412);
#318=LINE('',#2139,#413);
#319=LINE('',#2143,#414);
#320=LINE('',#2309,#415);
#321=LINE('',#2311,#416);
#322=LINE('',#2312,#417);
#323=LINE('',#2316,#418);
#324=LINE('',#2322,#419);
#325=LINE('',#2323,#420);
#326=LINE('',#2324,#421);
#327=LINE('',#2328,#422);
#328=LINE('',#2332,#423);
#329=LINE('',#2333,#424);
#330=LINE('',#2335,#425);
#331=LINE('',#2336,#426);
#332=LINE('',#2338,#427);
#333=LINE('',#2340,#428);
#334=LINE('',#2342,#429);
#335=LINE('',#2344,#430);
#336=LINE('',#2346,#431);
#337=LINE('',#2348,#432);
#338=LINE('',#2392,#433);
#339=LINE('',#2394,#434);
#340=LINE('',#2396,#435);
#341=LINE('',#2398,#436);
#342=LINE('',#2400,#437);
#343=LINE('',#2402,#438);
#344=LINE('',#2404,#439);
#345=LINE('',#2406,#440);
#346=LINE('',#2427,#441);
#347=LINE('',#2429,#442);
#348=LINE('',#2431,#443);
#349=LINE('',#2437,#444);
#350=LINE('',#2445,#445);
#351=VECTOR('',#1319,2.6);
#352=VECTOR('',#1328,2.45);
#353=VECTOR('',#1335,10.);
#354=VECTOR('',#1336,10.);
#355=VECTOR('',#1337,10.);
#356=VECTOR('',#1338,10.);
#357=VECTOR('',#1341,2.6);
#358=VECTOR('',#1352,10.);
#359=VECTOR('',#1355,10.);
#360=VECTOR('',#1362,10.);
#361=VECTOR('',#1363,10.);
#362=VECTOR('',#1364,10.);
#363=VECTOR('',#1367,10.);
#364=VECTOR('',#1374,10.);
#365=VECTOR('',#1375,10.);
#366=VECTOR('',#1376,10.);
#367=VECTOR('',#1379,10.);
#368=VECTOR('',#1386,10.);
#369=VECTOR('',#1387,10.);
#370=VECTOR('',#1388,10.);
#371=VECTOR('',#1397,10.);
#372=VECTOR('',#1398,10.);
#373=VECTOR('',#1399,10.);
#374=VECTOR('',#1402,10.);
#375=VECTOR('',#1409,10.);
#376=VECTOR('',#1410,10.);
#377=VECTOR('',#1411,10.);
#378=VECTOR('',#1414,10.);
#379=VECTOR('',#1421,10.);
#380=VECTOR('',#1422,10.);
#381=VECTOR('',#1423,10.);
#382=VECTOR('',#1426,10.);
#383=VECTOR('',#1427,10.);
#384=VECTOR('',#1428,10.);
#385=VECTOR('',#1437,10.);
#386=VECTOR('',#1438,10.);
#387=VECTOR('',#1439,10.);
#388=VECTOR('',#1442,10.);
#389=VECTOR('',#1451,10.);
#390=VECTOR('',#1452,10.);
#391=VECTOR('',#1461,10.);
#392=VECTOR('',#1462,10.);
#393=VECTOR('',#1463,10.);
#394=VECTOR('',#1466,10.);
#395=VECTOR('',#1473,10.);
#396=VECTOR('',#1474,10.);
#397=VECTOR('',#1475,10.);
#398=VECTOR('',#1480,10.);
#399=VECTOR('',#1485,10.);
#400=VECTOR('',#1486,10.);
#401=VECTOR('',#1487,10.);
#402=VECTOR('',#1492,10.);
#403=VECTOR('',#1497,10.);
#404=VECTOR('',#1498,10.);
#405=VECTOR('',#1499,10.);
#406=VECTOR('',#1502,10.);
#407=VECTOR('',#1509,10.);
#408=VECTOR('',#1510,10.);
#409=VECTOR('',#1511,10.);
#410=VECTOR('',#1514,10.);
#411=VECTOR('',#1521,10.);
#412=VECTOR('',#1522,10.);
#413=VECTOR('',#1523,10.);
#414=VECTOR('',#1526,10.);
#415=VECTOR('',#1533,10.);
#416=VECTOR('',#1534,10.);
#417=VECTOR('',#1535,10.);
#418=VECTOR('',#1538,10.);
#419=VECTOR('',#1545,10.);
#420=VECTOR('',#1546,10.);
#421=VECTOR('',#1547,10.);
#422=VECTOR('',#1550,10.);
#423=VECTOR('',#1557,10.);
#424=VECTOR('',#1558,10.);
#425=VECTOR('',#1561,10.);
#426=VECTOR('',#1562,10.);
#427=VECTOR('',#1565,10.);
#428=VECTOR('',#1568,10.);
#429=VECTOR('',#1571,10.);
#430=VECTOR('',#1574,10.);
#431=VECTOR('',#1577,10.);
#432=VECTOR('',#1580,10.);
#433=VECTOR('',#1587,10.);
#434=VECTOR('',#1590,10.);
#435=VECTOR('',#1593,10.);
#436=VECTOR('',#1596,10.);
#437=VECTOR('',#1599,10.);
#438=VECTOR('',#1602,10.);
#439=VECTOR('',#1605,10.);
#440=VECTOR('',#1608,10.);
#441=VECTOR('',#1609,10.);
#442=VECTOR('',#1612,10.);
#443=VECTOR('',#1615,10.);
#444=VECTOR('',#1622,1.25);
#445=VECTOR('',#1633,1.75);
#446=CIRCLE('',#1199,2.45);
#447=CIRCLE('',#1200,2.75);
#448=CIRCLE('',#1202,4.2);
#449=CIRCLE('',#1204,2.45);
#450=CIRCLE('',#1206,4.5);
#451=CIRCLE('',#1208,2.75);
#452=CIRCLE('',#1210,4.2);
#453=CIRCLE('',#1212,4.5);
#454=CIRCLE('',#1214,0.625000000000001);
#455=CIRCLE('',#1215,0.325000000000001);
#456=CIRCLE('',#1218,0.0249999999999982);
#457=CIRCLE('',#1219,0.324999999999999);
#458=CIRCLE('',#1222,0.0249999999999997);
#459=CIRCLE('',#1223,0.325);
#460=CIRCLE('',#1226,0.0250000000000014);
#461=CIRCLE('',#1227,0.325000000000001);
#462=CIRCLE('',#1230,0.624999999999999);
#463=CIRCLE('',#1231,0.325);
#464=CIRCLE('',#1234,0.0250000000000044);
#465=CIRCLE('',#1235,0.325000000000004);
#466=CIRCLE('',#1239,0.999999999881637);
#467=CIRCLE('',#1240,1.29999999988164);
#468=CIRCLE('',#1243,2.7);
#469=CIRCLE('',#1244,3.);
#470=CIRCLE('',#1248,4.5);
#471=CIRCLE('',#1252,2.7);
#472=CIRCLE('',#1253,3.);
#473=CIRCLE('',#1256,1.29999999988164);
#474=CIRCLE('',#1257,0.999999999881637);
#475=CIRCLE('',#1260,0.325000000000001);
#476=CIRCLE('',#1261,0.0250000000000014);
#477=CIRCLE('',#1264,0.0249999999999997);
#478=CIRCLE('',#1265,0.325);
#479=CIRCLE('',#1268,0.0249999999999982);
#480=CIRCLE('',#1269,0.324999999999999);
#481=CIRCLE('',#1272,0.625000000000001);
#482=CIRCLE('',#1273,0.325000000000001);
#483=CIRCLE('',#1276,0.0250000000000044);
#484=CIRCLE('',#1277,0.325000000000004);
#485=CIRCLE('',#1280,0.624999999999999);
#486=CIRCLE('',#1281,0.325);
#487=CIRCLE('',#1291,4.5);
#488=CIRCLE('',#1304,1.25);
#489=CIRCLE('',#1305,1.25);
#490=CIRCLE('',#1309,1.75);
#491=CIRCLE('',#1310,1.75);
#492=VERTEX_POINT('',#1642);
#493=VERTEX_POINT('',#1644);
#494=VERTEX_POINT('',#1648);
#495=VERTEX_POINT('',#1649);
#496=VERTEX_POINT('',#1659);
#497=VERTEX_POINT('',#1690);
#498=VERTEX_POINT('',#1697);
#499=VERTEX_POINT('',#1733);
#500=VERTEX_POINT('',#1735);
#501=VERTEX_POINT('',#1742);
#502=VERTEX_POINT('',#1744);
#503=VERTEX_POINT('',#1748);
#504=VERTEX_POINT('',#1752);
#505=VERTEX_POINT('',#1753);
#506=VERTEX_POINT('',#1839);
#507=VERTEX_POINT('',#1848);
#508=VERTEX_POINT('',#1869);
#509=VERTEX_POINT('',#1882);
#510=VERTEX_POINT('',#1883);
#511=VERTEX_POINT('',#1888);
#512=VERTEX_POINT('',#1889);
#513=VERTEX_POINT('',#1894);
#514=VERTEX_POINT('',#1895);
#515=VERTEX_POINT('',#1900);
#516=VERTEX_POINT('',#1901);
#517=VERTEX_POINT('',#1906);
#518=VERTEX_POINT('',#1907);
#519=VERTEX_POINT('',#1912);
#520=VERTEX_POINT('',#1913);
#521=VERTEX_POINT('',#1918);
#522=VERTEX_POINT('',#1919);
#523=VERTEX_POINT('',#1933);
#524=VERTEX_POINT('',#1934);
#525=VERTEX_POINT('',#1936);
#526=VERTEX_POINT('',#1938);
#527=VERTEX_POINT('',#1947);
#528=VERTEX_POINT('',#1948);
#529=VERTEX_POINT('',#1953);
#530=VERTEX_POINT('',#1954);
#531=VERTEX_POINT('',#1959);
#532=VERTEX_POINT('',#1960);
#533=VERTEX_POINT('',#1965);
#534=VERTEX_POINT('',#1966);
#535=VERTEX_POINT('',#1971);
#536=VERTEX_POINT('',#1973);
#537=VERTEX_POINT('',#1977);
#538=VERTEX_POINT('',#1978);
#539=VERTEX_POINT('',#1986);
#540=VERTEX_POINT('',#1988);
#541=VERTEX_POINT('',#1992);
#542=VERTEX_POINT('',#1993);
#543=VERTEX_POINT('',#1998);
#544=VERTEX_POINT('',#1999);
#545=VERTEX_POINT('',#2064);
#546=VERTEX_POINT('',#2065);
#547=VERTEX_POINT('',#2067);
#548=VERTEX_POINT('',#2069);
#549=VERTEX_POINT('',#2073);
#550=VERTEX_POINT('',#2074);
#551=VERTEX_POINT('',#2079);
#552=VERTEX_POINT('',#2080);
#553=VERTEX_POINT('',#2085);
#554=VERTEX_POINT('',#2087);
#555=VERTEX_POINT('',#2091);
#556=VERTEX_POINT('',#2092);
#557=VERTEX_POINT('',#2097);
#558=VERTEX_POINT('',#2098);
#559=VERTEX_POINT('',#2100);
#560=VERTEX_POINT('',#2102);
#561=VERTEX_POINT('',#2111);
#562=VERTEX_POINT('',#2112);
#563=VERTEX_POINT('',#2117);
#564=VERTEX_POINT('',#2118);
#565=VERTEX_POINT('',#2123);
#566=VERTEX_POINT('',#2124);
#567=VERTEX_POINT('',#2129);
#568=VERTEX_POINT('',#2130);
#569=VERTEX_POINT('',#2135);
#570=VERTEX_POINT('',#2136);
#571=VERTEX_POINT('',#2141);
#572=VERTEX_POINT('',#2142);
#573=VERTEX_POINT('',#2182);
#574=VERTEX_POINT('',#2256);
#575=VERTEX_POINT('',#2263);
#576=VERTEX_POINT('',#2308);
#577=VERTEX_POINT('',#2310);
#578=VERTEX_POINT('',#2314);
#579=VERTEX_POINT('',#2315);
#580=VERTEX_POINT('',#2320);
#581=VERTEX_POINT('',#2321);
#582=VERTEX_POINT('',#2326);
#583=VERTEX_POINT('',#2327);
#584=VERTEX_POINT('',#2434);
#585=VERTEX_POINT('',#2436);
#586=VERTEX_POINT('',#2442);
#587=VERTEX_POINT('',#2444);
#588=EDGE_CURVE('',#492,#492,#446,.T.);
#589=EDGE_CURVE('',#492,#493,#256,.T.);
#590=EDGE_CURVE('',#493,#493,#447,.T.);
#591=EDGE_CURVE('',#494,#495,#44,.T.);
#592=EDGE_CURVE('',#495,#494,#448,.T.);
#593=EDGE_CURVE('',#492,#496,#257,.T.);
#594=EDGE_CURVE('',#496,#496,#449,.T.);
#595=EDGE_CURVE('',#495,#497,#45,.T.);
#596=EDGE_CURVE('',#497,#498,#46,.T.);
#597=EDGE_CURVE('',#494,#498,#47,.T.);
#598=EDGE_CURVE('',#498,#497,#450,.T.);
#599=EDGE_CURVE('',#499,#497,#258,.T.);
#600=EDGE_CURVE('',#500,#499,#48,.T.);
#601=EDGE_CURVE('',#501,#500,#259,.T.);
#602=EDGE_CURVE('',#502,#501,#260,.T.);
#603=EDGE_CURVE('',#498,#502,#261,.T.);
#604=EDGE_CURVE('',#496,#503,#262,.T.);
#605=EDGE_CURVE('',#503,#503,#451,.T.);
#606=EDGE_CURVE('',#504,#505,#49,.T.);
#607=EDGE_CURVE('',#505,#504,#452,.T.);
#608=EDGE_CURVE('',#505,#500,#50,.T.);
#609=EDGE_CURVE('',#504,#499,#51,.T.);
#610=EDGE_CURVE('',#499,#500,#453,.T.);
#611=EDGE_CURVE('',#502,#506,#52,.T.);
#612=EDGE_CURVE('',#502,#507,#53,.T.);
#613=EDGE_CURVE('',#507,#508,#263,.T.);
#614=EDGE_CURVE('',#508,#506,#54,.T.);
#615=EDGE_CURVE('',#509,#510,#264,.T.);
#616=EDGE_CURVE('',#510,#508,#454,.T.);
#617=EDGE_CURVE('',#507,#509,#455,.T.);
#618=EDGE_CURVE('',#511,#512,#265,.T.);
#619=EDGE_CURVE('',#512,#510,#266,.T.);
#620=EDGE_CURVE('',#509,#511,#267,.T.);
#621=EDGE_CURVE('',#513,#514,#268,.T.);
#622=EDGE_CURVE('',#514,#512,#456,.T.);
#623=EDGE_CURVE('',#511,#513,#457,.T.);
#624=EDGE_CURVE('',#515,#516,#269,.T.);
#625=EDGE_CURVE('',#516,#514,#270,.T.);
#626=EDGE_CURVE('',#513,#515,#271,.T.);
#627=EDGE_CURVE('',#517,#518,#272,.T.);
#628=EDGE_CURVE('',#518,#516,#458,.T.);
#629=EDGE_CURVE('',#515,#517,#459,.T.);
#630=EDGE_CURVE('',#519,#520,#273,.T.);
#631=EDGE_CURVE('',#520,#518,#274,.T.);
#632=EDGE_CURVE('',#517,#519,#275,.T.);
#633=EDGE_CURVE('',#521,#522,#55,.T.);
#634=EDGE_CURVE('',#522,#520,#460,.T.);
#635=EDGE_CURVE('',#519,#521,#461,.T.);
#636=EDGE_CURVE('',#523,#524,#276,.T.);
#637=EDGE_CURVE('',#524,#525,#277,.T.);
#638=EDGE_CURVE('',#525,#526,#278,.T.);
#639=EDGE_CURVE('',#526,#523,#56,.T.);
#640=EDGE_CURVE('',#527,#528,#279,.T.);
#641=EDGE_CURVE('',#528,#525,#462,.T.);
#642=EDGE_CURVE('',#524,#527,#463,.T.);
#643=EDGE_CURVE('',#529,#530,#280,.T.);
#644=EDGE_CURVE('',#530,#528,#281,.T.);
#645=EDGE_CURVE('',#527,#529,#282,.T.);
#646=EDGE_CURVE('',#531,#532,#283,.T.);
#647=EDGE_CURVE('',#532,#530,#464,.T.);
#648=EDGE_CURVE('',#529,#531,#465,.T.);
#649=EDGE_CURVE('',#533,#534,#284,.T.);
#650=EDGE_CURVE('',#534,#532,#285,.T.);
#651=EDGE_CURVE('',#531,#533,#286,.T.);
#652=EDGE_CURVE('',#533,#535,#287,.T.);
#653=EDGE_CURVE('',#535,#536,#288,.T.);
#654=EDGE_CURVE('',#536,#534,#289,.T.);
#655=EDGE_CURVE('',#537,#538,#57,.T.);
#656=EDGE_CURVE('',#538,#536,#466,.T.);
#657=EDGE_CURVE('',#535,#537,#467,.T.);
#658=EDGE_CURVE('',#537,#539,#290,.T.);
#659=EDGE_CURVE('',#539,#540,#291,.T.);
#660=EDGE_CURVE('',#540,#538,#292,.T.);
#661=EDGE_CURVE('',#541,#542,#293,.T.);
#662=EDGE_CURVE('',#542,#540,#468,.T.);
#663=EDGE_CURVE('',#539,#541,#469,.T.);
#664=EDGE_CURVE('',#543,#544,#19,.F.);
#665=EDGE_CURVE('',#544,#542,#294,.T.);
#666=EDGE_CURVE('',#541,#543,#295,.T.);
#667=EDGE_CURVE('',#521,#523,#58,.T.);
#668=EDGE_CURVE('',#526,#522,#59,.T.);
#669=EDGE_CURVE('',#544,#506,#470,.T.);
#670=EDGE_CURVE('',#545,#546,#20,.F.);
#671=EDGE_CURVE('',#546,#547,#296,.T.);
#672=EDGE_CURVE('',#547,#548,#297,.T.);
#673=EDGE_CURVE('',#548,#545,#298,.T.);
#674=EDGE_CURVE('',#549,#550,#299,.T.);
#675=EDGE_CURVE('',#550,#548,#471,.T.);
#676=EDGE_CURVE('',#547,#549,#472,.T.);
#677=EDGE_CURVE('',#551,#552,#300,.T.);
#678=EDGE_CURVE('',#552,#550,#301,.T.);
#679=EDGE_CURVE('',#549,#551,#302,.T.);
#680=EDGE_CURVE('',#551,#553,#473,.T.);
#681=EDGE_CURVE('',#553,#554,#303,.T.);
#682=EDGE_CURVE('',#554,#552,#474,.T.);
#683=EDGE_CURVE('',#555,#556,#304,.T.);
#684=EDGE_CURVE('',#556,#554,#305,.T.);
#685=EDGE_CURVE('',#553,#555,#306,.T.);
#686=EDGE_CURVE('',#557,#558,#475,.T.);
#687=EDGE_CURVE('',#558,#559,#307,.T.);
#688=EDGE_CURVE('',#559,#560,#476,.T.);
#689=EDGE_CURVE('',#560,#557,#60,.T.);
#690=EDGE_CURVE('',#561,#562,#308,.T.);
#691=EDGE_CURVE('',#562,#559,#309,.T.);
#692=EDGE_CURVE('',#558,#561,#310,.T.);
#693=EDGE_CURVE('',#563,#564,#311,.T.);
#694=EDGE_CURVE('',#564,#562,#477,.T.);
#695=EDGE_CURVE('',#561,#563,#478,.T.);
#696=EDGE_CURVE('',#565,#566,#312,.T.);
#697=EDGE_CURVE('',#566,#564,#313,.T.);
#698=EDGE_CURVE('',#563,#565,#314,.T.);
#699=EDGE_CURVE('',#567,#568,#315,.T.);
#700=EDGE_CURVE('',#568,#566,#479,.T.);
#701=EDGE_CURVE('',#565,#567,#480,.T.);
#702=EDGE_CURVE('',#569,#570,#316,.T.);
#703=EDGE_CURVE('',#570,#568,#317,.T.);
#704=EDGE_CURVE('',#567,#569,#318,.T.);
#705=EDGE_CURVE('',#571,#572,#319,.T.);
#706=EDGE_CURVE('',#572,#570,#481,.T.);
#707=EDGE_CURVE('',#569,#571,#482,.T.);
#708=EDGE_CURVE('',#501,#573,#61,.F.);
#709=EDGE_CURVE('',#573,#572,#62,.T.);
#710=EDGE_CURVE('',#571,#501,#63,.T.);
#711=EDGE_CURVE('',#574,#557,#64,.T.);
#712=EDGE_CURVE('',#560,#575,#65,.T.);
#713=EDGE_CURVE('',#575,#574,#66,.T.);
#714=EDGE_CURVE('',#555,#576,#320,.T.);
#715=EDGE_CURVE('',#576,#577,#321,.T.);
#716=EDGE_CURVE('',#577,#556,#322,.T.);
#717=EDGE_CURVE('',#578,#579,#323,.T.);
#718=EDGE_CURVE('',#579,#577,#483,.T.);
#719=EDGE_CURVE('',#576,#578,#484,.T.);
#720=EDGE_CURVE('',#580,#581,#324,.T.);
#721=EDGE_CURVE('',#581,#579,#325,.T.);
#722=EDGE_CURVE('',#578,#580,#326,.T.);
#723=EDGE_CURVE('',#582,#583,#327,.T.);
#724=EDGE_CURVE('',#583,#581,#485,.T.);
#725=EDGE_CURVE('',#580,#582,#486,.T.);
#726=EDGE_CURVE('',#575,#583,#328,.T.);
#727=EDGE_CURVE('',#582,#574,#329,.T.);
#728=EDGE_CURVE('',#529,#578,#330,.T.);
#729=EDGE_CURVE('',#531,#576,#331,.T.);
#730=EDGE_CURVE('',#533,#555,#332,.T.);
#731=EDGE_CURVE('',#535,#553,#333,.T.);
#732=EDGE_CURVE('',#537,#551,#334,.T.);
#733=EDGE_CURVE('',#539,#549,#335,.T.);
#734=EDGE_CURVE('',#541,#547,#336,.T.);
#735=EDGE_CURVE('',#546,#543,#337,.T.);
#736=EDGE_CURVE('',#573,#545,#487,.T.);
#737=EDGE_CURVE('',#507,#571,#338,.T.);
#738=EDGE_CURVE('',#509,#569,#339,.T.);
#739=EDGE_CURVE('',#511,#567,#340,.T.);
#740=EDGE_CURVE('',#513,#565,#341,.T.);
#741=EDGE_CURVE('',#515,#563,#342,.T.);
#742=EDGE_CURVE('',#517,#561,#343,.T.);
#743=EDGE_CURVE('',#519,#558,#344,.T.);
#744=EDGE_CURVE('',#521,#557,#345,.T.);
#745=EDGE_CURVE('',#523,#574,#346,.T.);
#746=EDGE_CURVE('',#524,#582,#347,.T.);
#747=EDGE_CURVE('',#527,#580,#348,.T.);
#748=EDGE_CURVE('',#584,#584,#488,.T.);
#749=EDGE_CURVE('',#584,#585,#349,.T.);
#750=EDGE_CURVE('',#585,#585,#489,.T.);
#751=EDGE_CURVE('',#586,#586,#490,.T.);
#752=EDGE_CURVE('',#586,#587,#350,.T.);
#753=EDGE_CURVE('',#587,#587,#491,.T.);
#754=ORIENTED_EDGE('',*,*,#588,.T.);
#755=ORIENTED_EDGE('',*,*,#589,.T.);
#756=ORIENTED_EDGE('',*,*,#590,.T.);
#757=ORIENTED_EDGE('',*,*,#589,.F.);
#758=ORIENTED_EDGE('',*,*,#591,.F.);
#759=ORIENTED_EDGE('',*,*,#592,.F.);
#760=ORIENTED_EDGE('',*,*,#590,.F.);
#761=ORIENTED_EDGE('',*,*,#588,.F.);
#762=ORIENTED_EDGE('',*,*,#593,.T.);
#763=ORIENTED_EDGE('',*,*,#594,.F.);
#764=ORIENTED_EDGE('',*,*,#593,.F.);
#765=ORIENTED_EDGE('',*,*,#591,.T.);
#766=ORIENTED_EDGE('',*,*,#595,.T.);
#767=ORIENTED_EDGE('',*,*,#596,.T.);
#768=ORIENTED_EDGE('',*,*,#597,.F.);
#769=ORIENTED_EDGE('',*,*,#598,.T.);
#770=ORIENTED_EDGE('',*,*,#595,.F.);
#771=ORIENTED_EDGE('',*,*,#592,.T.);
#772=ORIENTED_EDGE('',*,*,#597,.T.);
#773=ORIENTED_EDGE('',*,*,#596,.F.);
#774=ORIENTED_EDGE('',*,*,#599,.F.);
#775=ORIENTED_EDGE('',*,*,#600,.F.);
#776=ORIENTED_EDGE('',*,*,#601,.F.);
#777=ORIENTED_EDGE('',*,*,#602,.F.);
#778=ORIENTED_EDGE('',*,*,#603,.F.);
#779=ORIENTED_EDGE('',*,*,#594,.T.);
#780=ORIENTED_EDGE('',*,*,#604,.T.);
#781=ORIENTED_EDGE('',*,*,#605,.T.);
#782=ORIENTED_EDGE('',*,*,#604,.F.);
#783=ORIENTED_EDGE('',*,*,#606,.F.);
#784=ORIENTED_EDGE('',*,*,#607,.F.);
#785=ORIENTED_EDGE('',*,*,#605,.F.);
#786=ORIENTED_EDGE('',*,*,#606,.T.);
#787=ORIENTED_EDGE('',*,*,#608,.T.);
#788=ORIENTED_EDGE('',*,*,#600,.T.);
#789=ORIENTED_EDGE('',*,*,#609,.F.);
#790=ORIENTED_EDGE('',*,*,#610,.T.);
#791=ORIENTED_EDGE('',*,*,#608,.F.);
#792=ORIENTED_EDGE('',*,*,#607,.T.);
#793=ORIENTED_EDGE('',*,*,#609,.T.);
#794=ORIENTED_EDGE('',*,*,#611,.F.);
#795=ORIENTED_EDGE('',*,*,#612,.T.);
#796=ORIENTED_EDGE('',*,*,#613,.T.);
#797=ORIENTED_EDGE('',*,*,#614,.T.);
#798=ORIENTED_EDGE('',*,*,#615,.T.);
#799=ORIENTED_EDGE('',*,*,#616,.T.);
#800=ORIENTED_EDGE('',*,*,#613,.F.);
#801=ORIENTED_EDGE('',*,*,#617,.T.);
#802=ORIENTED_EDGE('',*,*,#618,.T.);
#803=ORIENTED_EDGE('',*,*,#619,.T.);
#804=ORIENTED_EDGE('',*,*,#615,.F.);
#805=ORIENTED_EDGE('',*,*,#620,.T.);
#806=ORIENTED_EDGE('',*,*,#621,.T.);
#807=ORIENTED_EDGE('',*,*,#622,.T.);
#808=ORIENTED_EDGE('',*,*,#618,.F.);
#809=ORIENTED_EDGE('',*,*,#623,.T.);
#810=ORIENTED_EDGE('',*,*,#624,.T.);
#811=ORIENTED_EDGE('',*,*,#625,.T.);
#812=ORIENTED_EDGE('',*,*,#621,.F.);
#813=ORIENTED_EDGE('',*,*,#626,.T.);
#814=ORIENTED_EDGE('',*,*,#627,.T.);
#815=ORIENTED_EDGE('',*,*,#628,.T.);
#816=ORIENTED_EDGE('',*,*,#624,.F.);
#817=ORIENTED_EDGE('',*,*,#629,.T.);
#818=ORIENTED_EDGE('',*,*,#630,.T.);
#819=ORIENTED_EDGE('',*,*,#631,.T.);
#820=ORIENTED_EDGE('',*,*,#627,.F.);
#821=ORIENTED_EDGE('',*,*,#632,.T.);
#822=ORIENTED_EDGE('',*,*,#633,.T.);
#823=ORIENTED_EDGE('',*,*,#634,.T.);
#824=ORIENTED_EDGE('',*,*,#630,.F.);
#825=ORIENTED_EDGE('',*,*,#635,.T.);
#826=ORIENTED_EDGE('',*,*,#636,.T.);
#827=ORIENTED_EDGE('',*,*,#637,.T.);
#828=ORIENTED_EDGE('',*,*,#638,.T.);
#829=ORIENTED_EDGE('',*,*,#639,.T.);
#830=ORIENTED_EDGE('',*,*,#640,.T.);
#831=ORIENTED_EDGE('',*,*,#641,.T.);
#832=ORIENTED_EDGE('',*,*,#637,.F.);
#833=ORIENTED_EDGE('',*,*,#642,.T.);
#834=ORIENTED_EDGE('',*,*,#643,.T.);
#835=ORIENTED_EDGE('',*,*,#644,.T.);
#836=ORIENTED_EDGE('',*,*,#640,.F.);
#837=ORIENTED_EDGE('',*,*,#645,.T.);
#838=ORIENTED_EDGE('',*,*,#646,.T.);
#839=ORIENTED_EDGE('',*,*,#647,.T.);
#840=ORIENTED_EDGE('',*,*,#643,.F.);
#841=ORIENTED_EDGE('',*,*,#648,.T.);
#842=ORIENTED_EDGE('',*,*,#649,.T.);
#843=ORIENTED_EDGE('',*,*,#650,.T.);
#844=ORIENTED_EDGE('',*,*,#646,.F.);
#845=ORIENTED_EDGE('',*,*,#651,.T.);
#846=ORIENTED_EDGE('',*,*,#649,.F.);
#847=ORIENTED_EDGE('',*,*,#652,.T.);
#848=ORIENTED_EDGE('',*,*,#653,.T.);
#849=ORIENTED_EDGE('',*,*,#654,.T.);
#850=ORIENTED_EDGE('',*,*,#655,.T.);
#851=ORIENTED_EDGE('',*,*,#656,.T.);
#852=ORIENTED_EDGE('',*,*,#653,.F.);
#853=ORIENTED_EDGE('',*,*,#657,.T.);
#854=ORIENTED_EDGE('',*,*,#655,.F.);
#855=ORIENTED_EDGE('',*,*,#658,.T.);
#856=ORIENTED_EDGE('',*,*,#659,.T.);
#857=ORIENTED_EDGE('',*,*,#660,.T.);
#858=ORIENTED_EDGE('',*,*,#661,.T.);
#859=ORIENTED_EDGE('',*,*,#662,.T.);
#860=ORIENTED_EDGE('',*,*,#659,.F.);
#861=ORIENTED_EDGE('',*,*,#663,.T.);
#862=ORIENTED_EDGE('',*,*,#664,.T.);
#863=ORIENTED_EDGE('',*,*,#665,.T.);
#864=ORIENTED_EDGE('',*,*,#661,.F.);
#865=ORIENTED_EDGE('',*,*,#666,.T.);
#866=ORIENTED_EDGE('',*,*,#633,.F.);
#867=ORIENTED_EDGE('',*,*,#667,.T.);
#868=ORIENTED_EDGE('',*,*,#639,.F.);
#869=ORIENTED_EDGE('',*,*,#668,.T.);
#870=ORIENTED_EDGE('',*,*,#614,.F.);
#871=ORIENTED_EDGE('',*,*,#616,.F.);
#872=ORIENTED_EDGE('',*,*,#619,.F.);
#873=ORIENTED_EDGE('',*,*,#622,.F.);
#874=ORIENTED_EDGE('',*,*,#625,.F.);
#875=ORIENTED_EDGE('',*,*,#628,.F.);
#876=ORIENTED_EDGE('',*,*,#631,.F.);
#877=ORIENTED_EDGE('',*,*,#634,.F.);
#878=ORIENTED_EDGE('',*,*,#668,.F.);
#879=ORIENTED_EDGE('',*,*,#638,.F.);
#880=ORIENTED_EDGE('',*,*,#641,.F.);
#881=ORIENTED_EDGE('',*,*,#644,.F.);
#882=ORIENTED_EDGE('',*,*,#647,.F.);
#883=ORIENTED_EDGE('',*,*,#650,.F.);
#884=ORIENTED_EDGE('',*,*,#654,.F.);
#885=ORIENTED_EDGE('',*,*,#656,.F.);
#886=ORIENTED_EDGE('',*,*,#660,.F.);
#887=ORIENTED_EDGE('',*,*,#662,.F.);
#888=ORIENTED_EDGE('',*,*,#665,.F.);
#889=ORIENTED_EDGE('',*,*,#669,.T.);
#890=ORIENTED_EDGE('',*,*,#670,.T.);
#891=ORIENTED_EDGE('',*,*,#671,.T.);
#892=ORIENTED_EDGE('',*,*,#672,.T.);
#893=ORIENTED_EDGE('',*,*,#673,.T.);
#894=ORIENTED_EDGE('',*,*,#674,.T.);
#895=ORIENTED_EDGE('',*,*,#675,.T.);
#896=ORIENTED_EDGE('',*,*,#672,.F.);
#897=ORIENTED_EDGE('',*,*,#676,.T.);
#898=ORIENTED_EDGE('',*,*,#677,.T.);
#899=ORIENTED_EDGE('',*,*,#678,.T.);
#900=ORIENTED_EDGE('',*,*,#674,.F.);
#901=ORIENTED_EDGE('',*,*,#679,.T.);
#902=ORIENTED_EDGE('',*,*,#677,.F.);
#903=ORIENTED_EDGE('',*,*,#680,.T.);
#904=ORIENTED_EDGE('',*,*,#681,.T.);
#905=ORIENTED_EDGE('',*,*,#682,.T.);
#906=ORIENTED_EDGE('',*,*,#683,.T.);
#907=ORIENTED_EDGE('',*,*,#684,.T.);
#908=ORIENTED_EDGE('',*,*,#681,.F.);
#909=ORIENTED_EDGE('',*,*,#685,.T.);
#910=ORIENTED_EDGE('',*,*,#686,.T.);
#911=ORIENTED_EDGE('',*,*,#687,.T.);
#912=ORIENTED_EDGE('',*,*,#688,.T.);
#913=ORIENTED_EDGE('',*,*,#689,.T.);
#914=ORIENTED_EDGE('',*,*,#690,.T.);
#915=ORIENTED_EDGE('',*,*,#691,.T.);
#916=ORIENTED_EDGE('',*,*,#687,.F.);
#917=ORIENTED_EDGE('',*,*,#692,.T.);
#918=ORIENTED_EDGE('',*,*,#693,.T.);
#919=ORIENTED_EDGE('',*,*,#694,.T.);
#920=ORIENTED_EDGE('',*,*,#690,.F.);
#921=ORIENTED_EDGE('',*,*,#695,.T.);
#922=ORIENTED_EDGE('',*,*,#696,.T.);
#923=ORIENTED_EDGE('',*,*,#697,.T.);
#924=ORIENTED_EDGE('',*,*,#693,.F.);
#925=ORIENTED_EDGE('',*,*,#698,.T.);
#926=ORIENTED_EDGE('',*,*,#699,.T.);
#927=ORIENTED_EDGE('',*,*,#700,.T.);
#928=ORIENTED_EDGE('',*,*,#696,.F.);
#929=ORIENTED_EDGE('',*,*,#701,.T.);
#930=ORIENTED_EDGE('',*,*,#702,.T.);
#931=ORIENTED_EDGE('',*,*,#703,.T.);
#932=ORIENTED_EDGE('',*,*,#699,.F.);
#933=ORIENTED_EDGE('',*,*,#704,.T.);
#934=ORIENTED_EDGE('',*,*,#705,.T.);
#935=ORIENTED_EDGE('',*,*,#706,.T.);
#936=ORIENTED_EDGE('',*,*,#702,.F.);
#937=ORIENTED_EDGE('',*,*,#707,.T.);
#938=ORIENTED_EDGE('',*,*,#708,.T.);
#939=ORIENTED_EDGE('',*,*,#709,.T.);
#940=ORIENTED_EDGE('',*,*,#705,.F.);
#941=ORIENTED_EDGE('',*,*,#710,.T.);
#942=ORIENTED_EDGE('',*,*,#711,.T.);
#943=ORIENTED_EDGE('',*,*,#689,.F.);
#944=ORIENTED_EDGE('',*,*,#712,.T.);
#945=ORIENTED_EDGE('',*,*,#713,.T.);
#946=ORIENTED_EDGE('',*,*,#683,.F.);
#947=ORIENTED_EDGE('',*,*,#714,.T.);
#948=ORIENTED_EDGE('',*,*,#715,.T.);
#949=ORIENTED_EDGE('',*,*,#716,.T.);
#950=ORIENTED_EDGE('',*,*,#717,.T.);
#951=ORIENTED_EDGE('',*,*,#718,.T.);
#952=ORIENTED_EDGE('',*,*,#715,.F.);
#953=ORIENTED_EDGE('',*,*,#719,.T.);
#954=ORIENTED_EDGE('',*,*,#720,.T.);
#955=ORIENTED_EDGE('',*,*,#721,.T.);
#956=ORIENTED_EDGE('',*,*,#717,.F.);
#957=ORIENTED_EDGE('',*,*,#722,.T.);
#958=ORIENTED_EDGE('',*,*,#723,.T.);
#959=ORIENTED_EDGE('',*,*,#724,.T.);
#960=ORIENTED_EDGE('',*,*,#720,.F.);
#961=ORIENTED_EDGE('',*,*,#725,.T.);
#962=ORIENTED_EDGE('',*,*,#726,.T.);
#963=ORIENTED_EDGE('',*,*,#723,.F.);
#964=ORIENTED_EDGE('',*,*,#727,.T.);
#965=ORIENTED_EDGE('',*,*,#713,.F.);
#966=ORIENTED_EDGE('',*,*,#648,.F.);
#967=ORIENTED_EDGE('',*,*,#728,.T.);
#968=ORIENTED_EDGE('',*,*,#719,.F.);
#969=ORIENTED_EDGE('',*,*,#729,.F.);
#970=ORIENTED_EDGE('',*,*,#651,.F.);
#971=ORIENTED_EDGE('',*,*,#729,.T.);
#972=ORIENTED_EDGE('',*,*,#714,.F.);
#973=ORIENTED_EDGE('',*,*,#730,.F.);
#974=ORIENTED_EDGE('',*,*,#652,.F.);
#975=ORIENTED_EDGE('',*,*,#730,.T.);
#976=ORIENTED_EDGE('',*,*,#685,.F.);
#977=ORIENTED_EDGE('',*,*,#731,.F.);
#978=ORIENTED_EDGE('',*,*,#657,.F.);
#979=ORIENTED_EDGE('',*,*,#731,.T.);
#980=ORIENTED_EDGE('',*,*,#680,.F.);
#981=ORIENTED_EDGE('',*,*,#732,.F.);
#982=ORIENTED_EDGE('',*,*,#658,.F.);
#983=ORIENTED_EDGE('',*,*,#732,.T.);
#984=ORIENTED_EDGE('',*,*,#679,.F.);
#985=ORIENTED_EDGE('',*,*,#733,.F.);
#986=ORIENTED_EDGE('',*,*,#663,.F.);
#987=ORIENTED_EDGE('',*,*,#733,.T.);
#988=ORIENTED_EDGE('',*,*,#676,.F.);
#989=ORIENTED_EDGE('',*,*,#734,.F.);
#990=ORIENTED_EDGE('',*,*,#666,.F.);
#991=ORIENTED_EDGE('',*,*,#734,.T.);
#992=ORIENTED_EDGE('',*,*,#671,.F.);
#993=ORIENTED_EDGE('',*,*,#735,.T.);
#994=ORIENTED_EDGE('',*,*,#673,.F.);
#995=ORIENTED_EDGE('',*,*,#675,.F.);
#996=ORIENTED_EDGE('',*,*,#678,.F.);
#997=ORIENTED_EDGE('',*,*,#682,.F.);
#998=ORIENTED_EDGE('',*,*,#684,.F.);
#999=ORIENTED_EDGE('',*,*,#716,.F.);
#1000=ORIENTED_EDGE('',*,*,#718,.F.);
#1001=ORIENTED_EDGE('',*,*,#721,.F.);
#1002=ORIENTED_EDGE('',*,*,#724,.F.);
#1003=ORIENTED_EDGE('',*,*,#726,.F.);
#1004=ORIENTED_EDGE('',*,*,#712,.F.);
#1005=ORIENTED_EDGE('',*,*,#688,.F.);
#1006=ORIENTED_EDGE('',*,*,#691,.F.);
#1007=ORIENTED_EDGE('',*,*,#694,.F.);
#1008=ORIENTED_EDGE('',*,*,#697,.F.);
#1009=ORIENTED_EDGE('',*,*,#700,.F.);
#1010=ORIENTED_EDGE('',*,*,#703,.F.);
#1011=ORIENTED_EDGE('',*,*,#706,.F.);
#1012=ORIENTED_EDGE('',*,*,#709,.F.);
#1013=ORIENTED_EDGE('',*,*,#736,.T.);
#1014=ORIENTED_EDGE('',*,*,#598,.F.);
#1015=ORIENTED_EDGE('',*,*,#603,.T.);
#1016=ORIENTED_EDGE('',*,*,#611,.T.);
#1017=ORIENTED_EDGE('',*,*,#669,.F.);
#1018=ORIENTED_EDGE('',*,*,#664,.F.);
#1019=ORIENTED_EDGE('',*,*,#735,.F.);
#1020=ORIENTED_EDGE('',*,*,#670,.F.);
#1021=ORIENTED_EDGE('',*,*,#736,.F.);
#1022=ORIENTED_EDGE('',*,*,#708,.F.);
#1023=ORIENTED_EDGE('',*,*,#601,.T.);
#1024=ORIENTED_EDGE('',*,*,#610,.F.);
#1025=ORIENTED_EDGE('',*,*,#599,.T.);
#1026=ORIENTED_EDGE('',*,*,#612,.F.);
#1027=ORIENTED_EDGE('',*,*,#602,.T.);
#1028=ORIENTED_EDGE('',*,*,#710,.F.);
#1029=ORIENTED_EDGE('',*,*,#737,.F.);
#1030=ORIENTED_EDGE('',*,*,#617,.F.);
#1031=ORIENTED_EDGE('',*,*,#737,.T.);
#1032=ORIENTED_EDGE('',*,*,#707,.F.);
#1033=ORIENTED_EDGE('',*,*,#738,.F.);
#1034=ORIENTED_EDGE('',*,*,#620,.F.);
#1035=ORIENTED_EDGE('',*,*,#738,.T.);
#1036=ORIENTED_EDGE('',*,*,#704,.F.);
#1037=ORIENTED_EDGE('',*,*,#739,.F.);
#1038=ORIENTED_EDGE('',*,*,#623,.F.);
#1039=ORIENTED_EDGE('',*,*,#739,.T.);
#1040=ORIENTED_EDGE('',*,*,#701,.F.);
#1041=ORIENTED_EDGE('',*,*,#740,.F.);
#1042=ORIENTED_EDGE('',*,*,#626,.F.);
#1043=ORIENTED_EDGE('',*,*,#740,.T.);
#1044=ORIENTED_EDGE('',*,*,#698,.F.);
#1045=ORIENTED_EDGE('',*,*,#741,.F.);
#1046=ORIENTED_EDGE('',*,*,#629,.F.);
#1047=ORIENTED_EDGE('',*,*,#741,.T.);
#1048=ORIENTED_EDGE('',*,*,#695,.F.);
#1049=ORIENTED_EDGE('',*,*,#742,.F.);
#1050=ORIENTED_EDGE('',*,*,#632,.F.);
#1051=ORIENTED_EDGE('',*,*,#742,.T.);
#1052=ORIENTED_EDGE('',*,*,#692,.F.);
#1053=ORIENTED_EDGE('',*,*,#743,.F.);
#1054=ORIENTED_EDGE('',*,*,#635,.F.);
#1055=ORIENTED_EDGE('',*,*,#743,.T.);
#1056=ORIENTED_EDGE('',*,*,#686,.F.);
#1057=ORIENTED_EDGE('',*,*,#744,.F.);
#1058=ORIENTED_EDGE('',*,*,#667,.F.);
#1059=ORIENTED_EDGE('',*,*,#744,.T.);
#1060=ORIENTED_EDGE('',*,*,#711,.F.);
#1061=ORIENTED_EDGE('',*,*,#745,.F.);
#1062=ORIENTED_EDGE('',*,*,#636,.F.);
#1063=ORIENTED_EDGE('',*,*,#745,.T.);
#1064=ORIENTED_EDGE('',*,*,#727,.F.);
#1065=ORIENTED_EDGE('',*,*,#746,.F.);
#1066=ORIENTED_EDGE('',*,*,#642,.F.);
#1067=ORIENTED_EDGE('',*,*,#746,.T.);
#1068=ORIENTED_EDGE('',*,*,#725,.F.);
#1069=ORIENTED_EDGE('',*,*,#747,.F.);
#1070=ORIENTED_EDGE('',*,*,#645,.F.);
#1071=ORIENTED_EDGE('',*,*,#747,.T.);
#1072=ORIENTED_EDGE('',*,*,#722,.F.);
#1073=ORIENTED_EDGE('',*,*,#728,.F.);
#1074=ORIENTED_EDGE('',*,*,#748,.F.);
#1075=ORIENTED_EDGE('',*,*,#749,.T.);
#1076=ORIENTED_EDGE('',*,*,#750,.T.);
#1077=ORIENTED_EDGE('',*,*,#749,.F.);
#1078=ORIENTED_EDGE('',*,*,#748,.T.);
#1079=ORIENTED_EDGE('',*,*,#750,.F.);
#1080=ORIENTED_EDGE('',*,*,#751,.F.);
#1081=ORIENTED_EDGE('',*,*,#752,.T.);
#1082=ORIENTED_EDGE('',*,*,#753,.T.);
#1083=ORIENTED_EDGE('',*,*,#752,.F.);
#1084=ORIENTED_EDGE('',*,*,#751,.T.);
#1085=ORIENTED_EDGE('',*,*,#753,.F.);
#1086=CONICAL_SURFACE('',#1198,2.6,0.785398163397448);
#1087=CONICAL_SURFACE('',#1205,4.35,0.785398163397448);
#1088=CONICAL_SURFACE('',#1207,2.6,0.785398163397448);
#1089=CONICAL_SURFACE('',#1211,4.35,0.785398163397448);
#1090=CONICAL_SURFACE('',#1213,0.475000000000001,0.785398163397449);
#1091=CONICAL_SURFACE('',#1217,0.174999999999999,0.78539816339745);
#1092=CONICAL_SURFACE('',#1221,0.175,0.785398163397448);
#1093=CONICAL_SURFACE('',#1225,0.175000000000001,0.785398163397448);
#1094=CONICAL_SURFACE('',#1229,0.474999999999999,0.785398163397448);
#1095=CONICAL_SURFACE('',#1233,0.175000000000004,0.785398163397448);
#1096=CONICAL_SURFACE('',#1238,1.14999999988164,0.785398163397447);
#1097=CONICAL_SURFACE('',#1242,2.85,0.78539816339745);
#1098=CONICAL_SURFACE('',#1251,2.85,0.78539816339745);
#1099=CONICAL_SURFACE('',#1255,1.14999999988164,0.785398163397447);
#1100=CONICAL_SURFACE('',#1259,0.175000000000001,0.785398163397448);
#1101=CONICAL_SURFACE('',#1263,0.175,0.785398163397448);
#1102=CONICAL_SURFACE('',#1267,0.174999999999999,0.78539816339745);
#1103=CONICAL_SURFACE('',#1271,0.475000000000001,0.785398163397449);
#1104=CONICAL_SURFACE('',#1275,0.175000000000004,0.785398163397448);
#1105=CONICAL_SURFACE('',#1279,0.474999999999999,0.785398163397448);
#1106=ADVANCED_FACE('',(#102),#1086,.F.);
#1107=ADVANCED_FACE('',(#103,#42),#67,.F.);
#1108=ADVANCED_FACE('',(#104),#30,.F.);
#1109=ADVANCED_FACE('',(#105),#21,.T.);
#1110=ADVANCED_FACE('',(#106),#1087,.T.);
#1111=ADVANCED_FACE('',(#107),#22,.T.);
#1112=ADVANCED_FACE('',(#108),#1088,.F.);
#1113=ADVANCED_FACE('',(#109,#43),#68,.T.);
#1114=ADVANCED_FACE('',(#110),#23,.T.);
#1115=ADVANCED_FACE('',(#111),#1089,.T.);
#1116=ADVANCED_FACE('',(#112),#24,.T.);
#1117=ADVANCED_FACE('',(#113),#1090,.F.);
#1118=ADVANCED_FACE('',(#114),#69,.T.);
#1119=ADVANCED_FACE('',(#115),#1091,.T.);
#1120=ADVANCED_FACE('',(#116),#70,.T.);
#1121=ADVANCED_FACE('',(#117),#1092,.T.);
#1122=ADVANCED_FACE('',(#118),#71,.T.);
#1123=ADVANCED_FACE('',(#119),#1093,.T.);
#1124=ADVANCED_FACE('',(#120),#72,.T.);
#1125=ADVANCED_FACE('',(#121),#1094,.F.);
#1126=ADVANCED_FACE('',(#122),#73,.T.);
#1127=ADVANCED_FACE('',(#123),#1095,.T.);
#1128=ADVANCED_FACE('',(#124),#74,.T.);
#1129=ADVANCED_FACE('',(#125),#75,.T.);
#1130=ADVANCED_FACE('',(#126),#1096,.T.);
#1131=ADVANCED_FACE('',(#127),#76,.T.);
#1132=ADVANCED_FACE('',(#128),#1097,.T.);
#1133=ADVANCED_FACE('',(#129),#77,.T.);
#1134=ADVANCED_FACE('',(#130),#25,.T.);
#1135=ADVANCED_FACE('',(#131),#78,.F.);
#1136=ADVANCED_FACE('',(#132),#79,.T.);
#1137=ADVANCED_FACE('',(#133),#1098,.T.);
#1138=ADVANCED_FACE('',(#134),#80,.T.);
#1139=ADVANCED_FACE('',(#135),#1099,.T.);
#1140=ADVANCED_FACE('',(#136),#81,.T.);
#1141=ADVANCED_FACE('',(#137),#1100,.T.);
#1142=ADVANCED_FACE('',(#138),#82,.T.);
#1143=ADVANCED_FACE('',(#139),#1101,.T.);
#1144=ADVANCED_FACE('',(#140),#83,.T.);
#1145=ADVANCED_FACE('',(#141),#1102,.T.);
#1146=ADVANCED_FACE('',(#142),#84,.T.);
#1147=ADVANCED_FACE('',(#143),#1103,.F.);
#1148=ADVANCED_FACE('',(#144),#26,.T.);
#1149=ADVANCED_FACE('',(#145),#27,.T.);
#1150=ADVANCED_FACE('',(#146),#85,.T.);
#1151=ADVANCED_FACE('',(#147),#1104,.T.);
#1152=ADVANCED_FACE('',(#148),#86,.T.);
#1153=ADVANCED_FACE('',(#149),#1105,.F.);
#1154=ADVANCED_FACE('',(#150),#87,.T.);
#1155=ADVANCED_FACE('',(#151),#31,.T.);
#1156=ADVANCED_FACE('',(#152),#88,.T.);
#1157=ADVANCED_FACE('',(#153),#89,.T.);
#1158=ADVANCED_FACE('',(#154),#32,.T.);
#1159=ADVANCED_FACE('',(#155),#90,.T.);
#1160=ADVANCED_FACE('',(#156),#33,.T.);
#1161=ADVANCED_FACE('',(#157),#91,.T.);
#1162=ADVANCED_FACE('',(#158),#92,.T.);
#1163=ADVANCED_FACE('',(#159),#34,.T.);
#1164=ADVANCED_FACE('',(#160),#28,.T.);
#1165=ADVANCED_FACE('',(#161),#35,.F.);
#1166=ADVANCED_FACE('',(#162),#93,.T.);
#1167=ADVANCED_FACE('',(#163),#36,.T.);
#1168=ADVANCED_FACE('',(#164),#94,.T.);
#1169=ADVANCED_FACE('',(#165),#37,.T.);
#1170=ADVANCED_FACE('',(#166),#95,.T.);
#1171=ADVANCED_FACE('',(#167),#38,.T.);
#1172=ADVANCED_FACE('',(#168),#29,.T.);
#1173=ADVANCED_FACE('',(#169),#96,.T.);
#1174=ADVANCED_FACE('',(#170),#39,.F.);
#1175=ADVANCED_FACE('',(#171),#97,.T.);
#1176=ADVANCED_FACE('',(#172),#40,.T.);
#1177=ADVANCED_FACE('',(#173),#98,.T.);
#1178=ADVANCED_FACE('',(#174),#99,.F.);
#1179=ADVANCED_FACE('',(#175),#41,.T.);
#1180=ADVANCED_FACE('',(#176),#100,.T.);
#1181=ADVANCED_FACE('',(#177),#101,.F.);
#1182=CLOSED_SHELL('',(#1106,#1107,#1108,#1109,#1110,#1111,#1112,#1113,
#1114,#1115,#1116,#1117,#1118,#1119,#1120,#1121,#1122,#1123,#1124,#1125,
#1126,#1127,#1128,#1129,#1130,#1131,#1132,#1133,#1134,#1135,#1136,#1137,
#1138,#1139,#1140,#1141,#1142,#1143,#1144,#1145,#1146,#1147,#1148,#1149,
#1150,#1151,#1152,#1153,#1154,#1155,#1156,#1157,#1158,#1159,#1160,#1161,
#1162,#1163,#1164,#1165,#1166,#1167,#1168,#1169,#1170,#1171,#1172,#1173,
#1174,#1175));
#1183=CLOSED_SHELL('',(#1176,#1177,#1178));
#1184=CLOSED_SHELL('',(#1179,#1180,#1181));
#1185=DERIVED_UNIT_ELEMENT(#1187,1.);
#1186=DERIVED_UNIT_ELEMENT(#2454,-3.);
#1187=(
MASS_UNIT()
NAMED_UNIT(*)
SI_UNIT(.KILO.,.GRAM.)
);
#1188=DERIVED_UNIT((#1185,#1186));
#1189=MEASURE_REPRESENTATION_ITEM('density measure',
POSITIVE_RATIO_MEASURE(7850.),#1188);
#1190=PROPERTY_DEFINITION_REPRESENTATION(#1195,#1192);
#1191=PROPERTY_DEFINITION_REPRESENTATION(#1196,#1193);
#1192=REPRESENTATION('material name',(#1194),#2451);
#1193=REPRESENTATION('density',(#1189),#2451);
#1194=DESCRIPTIVE_REPRESENTATION_ITEM('Steel','Steel');
#1195=PROPERTY_DEFINITION('material property','material name',#2461);
#1196=PROPERTY_DEFINITION('material property','density of part',#2461);
#1197=AXIS2_PLACEMENT_3D('',#1640,#1313,#1314);
#1198=AXIS2_PLACEMENT_3D('',#1641,#1315,#1316);
#1199=AXIS2_PLACEMENT_3D('',#1643,#1317,#1318);
#1200=AXIS2_PLACEMENT_3D('',#1646,#1320,#1321);
#1201=AXIS2_PLACEMENT_3D('',#1647,#1322,#1323);
#1202=AXIS2_PLACEMENT_3D('',#1657,#1324,#1325);
#1203=AXIS2_PLACEMENT_3D('',#1658,#1326,#1327);
#1204=AXIS2_PLACEMENT_3D('',#1661,#1329,#1330);
#1205=AXIS2_PLACEMENT_3D('',#1711,#1331,#1332);
#1206=AXIS2_PLACEMENT_3D('',#1712,#1333,#1334);
#1207=AXIS2_PLACEMENT_3D('',#1747,#1339,#1340);
#1208=AXIS2_PLACEMENT_3D('',#1750,#1342,#1343);
#1209=AXIS2_PLACEMENT_3D('',#1751,#1344,#1345);
#1210=AXIS2_PLACEMENT_3D('',#1760,#1346,#1347);
#1211=AXIS2_PLACEMENT_3D('',#1797,#1348,#1349);
#1212=AXIS2_PLACEMENT_3D('',#1798,#1350,#1351);
#1213=AXIS2_PLACEMENT_3D('',#1881,#1353,#1354);
#1214=AXIS2_PLACEMENT_3D('',#1885,#1356,#1357);
#1215=AXIS2_PLACEMENT_3D('',#1886,#1358,#1359);
#1216=AXIS2_PLACEMENT_3D('',#1887,#1360,#1361);
#1217=AXIS2_PLACEMENT_3D('',#1893,#1365,#1366);
#1218=AXIS2_PLACEMENT_3D('',#1897,#1368,#1369);
#1219=AXIS2_PLACEMENT_3D('',#1898,#1370,#1371);
#1220=AXIS2_PLACEMENT_3D('',#1899,#1372,#1373);
#1221=AXIS2_PLACEMENT_3D('',#1905,#1377,#1378);
#1222=AXIS2_PLACEMENT_3D('',#1909,#1380,#1381);
#1223=AXIS2_PLACEMENT_3D('',#1910,#1382,#1383);
#1224=AXIS2_PLACEMENT_3D('',#1911,#1384,#1385);
#1225=AXIS2_PLACEMENT_3D('',#1917,#1389,#1390);
#1226=AXIS2_PLACEMENT_3D('',#1930,#1391,#1392);
#1227=AXIS2_PLACEMENT_3D('',#1931,#1393,#1394);
#1228=AXIS2_PLACEMENT_3D('',#1932,#1395,#1396);
#1229=AXIS2_PLACEMENT_3D('',#1946,#1400,#1401);
#1230=AXIS2_PLACEMENT_3D('',#1950,#1403,#1404);
#1231=AXIS2_PLACEMENT_3D('',#1951,#1405,#1406);
#1232=AXIS2_PLACEMENT_3D('',#1952,#1407,#1408);
#1233=AXIS2_PLACEMENT_3D('',#1958,#1412,#1413);
#1234=AXIS2_PLACEMENT_3D('',#1962,#1415,#1416);
#1235=AXIS2_PLACEMENT_3D('',#1963,#1417,#1418);
#1236=AXIS2_PLACEMENT_3D('',#1964,#1419,#1420);
#1237=AXIS2_PLACEMENT_3D('',#1970,#1424,#1425);
#1238=AXIS2_PLACEMENT_3D('',#1976,#1429,#1430);
#1239=AXIS2_PLACEMENT_3D('',#1983,#1431,#1432);
#1240=AXIS2_PLACEMENT_3D('',#1984,#1433,#1434);
#1241=AXIS2_PLACEMENT_3D('',#1985,#1435,#1436);
#1242=AXIS2_PLACEMENT_3D('',#1991,#1440,#1441);
#1243=AXIS2_PLACEMENT_3D('',#1995,#1443,#1444);
#1244=AXIS2_PLACEMENT_3D('',#1996,#1445,#1446);
#1245=AXIS2_PLACEMENT_3D('',#1997,#1447,#1448);
#1246=AXIS2_PLACEMENT_3D('',#2000,#1449,#1450);
#1247=AXIS2_PLACEMENT_3D('',#2061,#1453,#1454);
#1248=AXIS2_PLACEMENT_3D('',#2062,#1455,#1456);
#1249=AXIS2_PLACEMENT_3D('',#2063,#1457,#1458);
#1250=AXIS2_PLACEMENT_3D('',#2066,#1459,#1460);
#1251=AXIS2_PLACEMENT_3D('',#2072,#1464,#1465);
#1252=AXIS2_PLACEMENT_3D('',#2076,#1467,#1468);
#1253=AXIS2_PLACEMENT_3D('',#2077,#1469,#1470);
#1254=AXIS2_PLACEMENT_3D('',#2078,#1471,#1472);
#1255=AXIS2_PLACEMENT_3D('',#2084,#1476,#1477);
#1256=AXIS2_PLACEMENT_3D('',#2086,#1478,#1479);
#1257=AXIS2_PLACEMENT_3D('',#2089,#1481,#1482);
#1258=AXIS2_PLACEMENT_3D('',#2090,#1483,#1484);
#1259=AXIS2_PLACEMENT_3D('',#2096,#1488,#1489);
#1260=AXIS2_PLACEMENT_3D('',#2099,#1490,#1491);
#1261=AXIS2_PLACEMENT_3D('',#2103,#1493,#1494);
#1262=AXIS2_PLACEMENT_3D('',#2110,#1495,#1496);
#1263=AXIS2_PLACEMENT_3D('',#2116,#1500,#1501);
#1264=AXIS2_PLACEMENT_3D('',#2120,#1503,#1504);
#1265=AXIS2_PLACEMENT_3D('',#2121,#1505,#1506);
#1266=AXIS2_PLACEMENT_3D('',#2122,#1507,#1508);
#1267=AXIS2_PLACEMENT_3D('',#2128,#1512,#1513);
#1268=AXIS2_PLACEMENT_3D('',#2132,#1515,#1516);
#1269=AXIS2_PLACEMENT_3D('',#2133,#1517,#1518);
#1270=AXIS2_PLACEMENT_3D('',#2134,#1519,#1520);
#1271=AXIS2_PLACEMENT_3D('',#2140,#1524,#1525);
#1272=AXIS2_PLACEMENT_3D('',#2144,#1527,#1528);
#1273=AXIS2_PLACEMENT_3D('',#2145,#1529,#1530);
#1274=AXIS2_PLACEMENT_3D('',#2307,#1531,#1532);
#1275=AXIS2_PLACEMENT_3D('',#2313,#1536,#1537);
#1276=AXIS2_PLACEMENT_3D('',#2317,#1539,#1540);
#1277=AXIS2_PLACEMENT_3D('',#2318,#1541,#1542);
#1278=AXIS2_PLACEMENT_3D('',#2319,#1543,#1544);
#1279=AXIS2_PLACEMENT_3D('',#2325,#1548,#1549);
#1280=AXIS2_PLACEMENT_3D('',#2329,#1551,#1552);
#1281=AXIS2_PLACEMENT_3D('',#2330,#1553,#1554);
#1282=AXIS2_PLACEMENT_3D('',#2331,#1555,#1556);
#1283=AXIS2_PLACEMENT_3D('',#2334,#1559,#1560);
#1284=AXIS2_PLACEMENT_3D('',#2337,#1563,#1564);
#1285=AXIS2_PLACEMENT_3D('',#2339,#1566,#1567);
#1286=AXIS2_PLACEMENT_3D('',#2341,#1569,#1570);
#1287=AXIS2_PLACEMENT_3D('',#2343,#1572,#1573);
#1288=AXIS2_PLACEMENT_3D('',#2345,#1575,#1576);
#1289=AXIS2_PLACEMENT_3D('',#2347,#1578,#1579);
#1290=AXIS2_PLACEMENT_3D('',#2349,#1581,#1582);
#1291=AXIS2_PLACEMENT_3D('',#2350,#1583,#1584);
#1292=AXIS2_PLACEMENT_3D('',#2351,#1585,#1586);
#1293=AXIS2_PLACEMENT_3D('',#2393,#1588,#1589);
#1294=AXIS2_PLACEMENT_3D('',#2395,#1591,#1592);
#1295=AXIS2_PLACEMENT_3D('',#2397,#1594,#1595);
#1296=AXIS2_PLACEMENT_3D('',#2399,#1597,#1598);
#1297=AXIS2_PLACEMENT_3D('',#2401,#1600,#1601);
#1298=AXIS2_PLACEMENT_3D('',#2403,#1603,#1604);
#1299=AXIS2_PLACEMENT_3D('',#2405,#1606,#1607);
#1300=AXIS2_PLACEMENT_3D('',#2428,#1610,#1611);
#1301=AXIS2_PLACEMENT_3D('',#2430,#1613,#1614);
#1302=AXIS2_PLACEMENT_3D('',#2432,#1616,#1617);
#1303=AXIS2_PLACEMENT_3D('',#2433,#1618,#1619);
#1304=AXIS2_PLACEMENT_3D('',#2435,#1620,#1621);
#1305=AXIS2_PLACEMENT_3D('',#2438,#1623,#1624);
#1306=AXIS2_PLACEMENT_3D('',#2439,#1625,#1626);
#1307=AXIS2_PLACEMENT_3D('',#2440,#1627,#1628);
#1308=AXIS2_PLACEMENT_3D('',#2441,#1629,#1630);
#1309=AXIS2_PLACEMENT_3D('',#2443,#1631,#1632);
#1310=AXIS2_PLACEMENT_3D('',#2446,#1634,#1635);
#1311=AXIS2_PLACEMENT_3D('',#2447,#1636,#1637);
#1312=AXIS2_PLACEMENT_3D('',#2448,#1638,#1639);
#1313=DIRECTION('axis',(0.,0.,1.));
#1314=DIRECTION('refdir',(1.,0.,0.));
#1315=DIRECTION('center_axis',(0.,0.,-1.));
#1316=DIRECTION('ref_axis',(1.,0.,0.));
#1317=DIRECTION('center_axis',(0.,0.,1.));
#1318=DIRECTION('ref_axis',(1.,0.,0.));
#1319=DIRECTION('',(-0.707106781186547,8.65956056235493E-17,-0.707106781186548));
#1320=DIRECTION('center_axis',(0.,0.,-1.));
#1321=DIRECTION('ref_axis',(1.,0.,0.));
#1322=DIRECTION('center_axis',(0.,0.,1.));
#1323=DIRECTION('ref_axis',(1.,0.,0.));
#1324=DIRECTION('center_axis',(0.,0.,1.));
#1325=DIRECTION('ref_axis',(0.655077572912149,-0.755561627842182,0.));
#1326=DIRECTION('center_axis',(0.,0.,1.));
#1327=DIRECTION('ref_axis',(1.,0.,0.));
#1328=DIRECTION('',(0.,0.,1.));
#1329=DIRECTION('center_axis',(0.,0.,-1.));
#1330=DIRECTION('ref_axis',(1.,0.,0.));
#1331=DIRECTION('center_axis',(0.,0.,1.));
#1332=DIRECTION('ref_axis',(0.655077572912149,-0.755561627842182,0.));
#1333=DIRECTION('center_axis',(0.,0.,-1.));
#1334=DIRECTION('ref_axis',(0.655077572912149,-0.755561627842182,0.));
#1335=DIRECTION('',(0.,0.,-1.));
#1336=DIRECTION('',(0.,0.,1.));
#1337=DIRECTION('',(0.,0.,1.));
#1338=DIRECTION('',(0.,0.,1.));
#1339=DIRECTION('center_axis',(0.,0.,1.));
#1340=DIRECTION('ref_axis',(1.,0.,0.));
#1341=DIRECTION('',(-0.707106781186547,-8.65956056235493E-17,0.707106781186548));
#1342=DIRECTION('center_axis',(0.,0.,1.));
#1343=DIRECTION('ref_axis',(1.,0.,0.));
#1344=DIRECTION('center_axis',(0.,0.,1.));
#1345=DIRECTION('ref_axis',(1.,0.,0.));
#1346=DIRECTION('center_axis',(0.,0.,-1.));
#1347=DIRECTION('ref_axis',(0.655077572912149,-0.755561627842182,0.));
#1348=DIRECTION('center_axis',(0.,0.,-1.));
#1349=DIRECTION('ref_axis',(0.655077572912149,-0.755561627842182,0.));
#1350=DIRECTION('center_axis',(0.,0.,1.));
#1351=DIRECTION('ref_axis',(0.655077572912149,-0.755561627842182,0.));
#1352=DIRECTION('',(0.584716658840604,0.397625991195596,-0.707106781186548));
#1353=DIRECTION('center_axis',(0.,0.,-1.));
#1354=DIRECTION('ref_axis',(0.826914229077893,0.562328069500815,0.));
#1355=DIRECTION('',(-9.81307786677359E-16,0.707106781186548,-0.707106781186547));
#1356=DIRECTION('center_axis',(0.,0.,-1.));
#1357=DIRECTION('ref_axis',(0.826914229077894,0.562328069500814,0.));
#1358=DIRECTION('center_axis',(0.,0.,1.));
#1359=DIRECTION('ref_axis',(0.826914229077894,0.562328069500814,0.));
#1360=DIRECTION('center_axis',(7.02745264230903E-16,-0.707106781186545,
-0.70710678118655));
#1361=DIRECTION('ref_axis',(-1.,9.86076131526265E-32,-9.93831883568804E-16));
#1362=DIRECTION('',(-9.81307786677355E-16,0.70710678118655,-0.707106781186545));
#1363=DIRECTION('',(1.,9.93831883568812E-16,0.));
#1364=DIRECTION('',(-1.,-9.93831883568812E-16,0.));
#1365=DIRECTION('center_axis',(0.,0.,1.));
#1366=DIRECTION('ref_axis',(-0.920236282177608,0.391363239157607,0.));
#1367=DIRECTION('',(0.650705315421684,-0.27673560031548,-0.707106781186546));
#1368=DIRECTION('center_axis',(0.,0.,1.));
#1369=DIRECTION('ref_axis',(-0.920236282177608,0.391363239157607,0.));
#1370=DIRECTION('center_axis',(0.,0.,-1.));
#1371=DIRECTION('ref_axis',(-0.920236282177608,0.391363239157607,0.));
#1372=DIRECTION('center_axis',(-0.650705315421682,0.276735600315478,-0.707106781186548));
#1373=DIRECTION('ref_axis',(-0.735844373611058,-5.55111512312579E-17,0.677150690633148));
#1374=DIRECTION('',(0.650705315421684,-0.27673560031548,-0.707106781186546));
#1375=DIRECTION('',(-0.391363239157609,-0.920236282177607,0.));
#1376=DIRECTION('',(0.391363239157609,0.920236282177607,0.));
#1377=DIRECTION('center_axis',(0.,0.,1.));
#1378=DIRECTION('ref_axis',(0.,1.,0.));
#1379=DIRECTION('',(0.,-0.707106781186548,-0.707106781186547));
#1380=DIRECTION('center_axis',(0.,0.,1.));
#1381=DIRECTION('ref_axis',(0.,1.,0.));
#1382=DIRECTION('center_axis',(0.,0.,-1.));
#1383=DIRECTION('ref_axis',(0.,1.,0.));
#1384=DIRECTION('center_axis',(-2.08694227964782E-15,0.707106781186547,
-0.707106781186548));
#1385=DIRECTION('ref_axis',(-1.,3.94430452610506E-31,2.95138207576777E-15));
#1386=DIRECTION('',(2.61682076447298E-15,-0.707106781186543,-0.707106781186552));
#1387=DIRECTION('',(-1.,-2.95138207576777E-15,0.));
#1388=DIRECTION('',(1.,2.95138207576777E-15,0.));
#1389=DIRECTION('center_axis',(0.,0.,1.));
#1390=DIRECTION('ref_axis',(0.769948816831121,0.638105649136847,0.));
#1391=DIRECTION('center_axis',(0.,0.,1.));
#1392=DIRECTION('ref_axis',(0.769948816831121,0.638105649136847,0.));
#1393=DIRECTION('center_axis',(0.,0.,-1.));
#1394=DIRECTION('ref_axis',(0.769948816831121,0.638105649136847,0.));
#1395=DIRECTION('center_axis',(0.706219680610611,0.0354085119462627,-0.707106781186546));
#1396=DIRECTION('ref_axis',(-0.707550470501041,-6.93889390390722E-18,-0.706662813294825));
#1397=DIRECTION('',(0.0500751978178544,-0.99874545033432,0.));
#1398=DIRECTION('',(-0.706219680610608,-0.0354085119462638,-0.707106781186549));
#1399=DIRECTION('',(-0.0500751978178544,0.99874545033432,0.));
#1400=DIRECTION('center_axis',(0.,0.,-1.));
#1401=DIRECTION('ref_axis',(-0.998745450334319,-0.0500751978178594,0.));
#1402=DIRECTION('',(-0.562729351960736,-0.428177155441352,-0.707106781186549));
#1403=DIRECTION('center_axis',(0.,0.,-1.));
#1404=DIRECTION('ref_axis',(-0.998745450334319,-0.0500751978178594,0.));
#1405=DIRECTION('center_axis',(0.,0.,1.));
#1406=DIRECTION('ref_axis',(-0.998745450334319,-0.0500751978178594,0.));
#1407=DIRECTION('center_axis',(0.562729351960739,0.428177155441349,-0.707106781186548));
#1408=DIRECTION('ref_axis',(-0.78246191892238,-2.22044604925031E-16,-0.622698438601148));
#1409=DIRECTION('',(-0.562729351960733,-0.428177155441353,-0.707106781186551));
#1410=DIRECTION('',(-0.605533940323489,0.795819481488302,0.));
#1411=DIRECTION('',(0.605533940323489,-0.795819481488302,0.));
#1412=DIRECTION('center_axis',(0.,0.,1.));
#1413=DIRECTION('ref_axis',(1.,-1.8303512551763E-8,0.));
#1414=DIRECTION('',(-0.707106781186548,1.29425390526483E-8,-0.707106781186547));
#1415=DIRECTION('center_axis',(0.,0.,1.));
#1416=DIRECTION('ref_axis',(1.,-1.8303512551763E-8,0.));
#1417=DIRECTION('center_axis',(0.,0.,-1.));
#1418=DIRECTION('ref_axis',(1.,-1.8303512551763E-8,0.));
#1419=DIRECTION('center_axis',(0.707106781186543,-7.99240045306709E-8,-0.707106781186547));
#1420=DIRECTION('ref_axis',(-0.70710678118655,-5.9557004103818E-23,-0.707106781186546));
#1421=DIRECTION('',(-0.707106781186543,7.99240022177635E-8,-0.707106781186548));
#1422=DIRECTION('',(1.13029611166444E-7,0.999999999999994,0.));
#1423=DIRECTION('',(-1.13029611166444E-7,-0.999999999999994,0.));
#1424=DIRECTION('center_axis',(0.707106781186547,0.,-0.707106781186548));
#1425=DIRECTION('ref_axis',(-0.707106781186548,0.,-0.707106781186547));
#1426=DIRECTION('',(0.,-1.,0.));
#1427=DIRECTION('',(-0.707106781047053,0.,-0.707106781326042));
#1428=DIRECTION('',(0.,1.,0.));
#1429=DIRECTION('center_axis',(0.,0.,1.));
#1430=DIRECTION('ref_axis',(-0.00315903736860762,-0.999995010229003,0.));
#1431=DIRECTION('center_axis',(0.,0.,1.));
#1432=DIRECTION('ref_axis',(-0.00315903736860762,-0.999995010229003,0.));
#1433=DIRECTION('center_axis',(0.,0.,-1.));
#1434=DIRECTION('ref_axis',(-0.00315903736860762,-0.999995010229003,0.));
#1435=DIRECTION('center_axis',(0.,-0.707106781186547,-0.707106781186548));
#1436=DIRECTION('ref_axis',(-1.,0.,0.));
#1437=DIRECTION('',(-1.,0.,0.));
#1438=DIRECTION('',(0.,0.707106781186548,-0.707106781186547));
#1439=DIRECTION('',(1.,0.,0.));
#1440=DIRECTION('center_axis',(0.,0.,1.));
#1441=DIRECTION('ref_axis',(-1.,0.,0.));
#1442=DIRECTION('',(0.707106781186548,0.,-0.707106781186547));
#1443=DIRECTION('center_axis',(0.,0.,1.));
#1444=DIRECTION('ref_axis',(-1.,0.,0.));
#1445=DIRECTION('center_axis',(0.,0.,-1.));
#1446=DIRECTION('ref_axis',(-1.,0.,0.));
#1447=DIRECTION('center_axis',(-0.707106781186548,1.84140907531205E-17,
-0.707106781186547));
#1448=DIRECTION('ref_axis',(-0.707106781186547,0.,0.707106781186548));
#1449=DIRECTION('center_axis',(-0.707106781186548,1.84140907531205E-17,
-0.707106781186547));
#1450=DIRECTION('ref_axis',(-0.707106781186547,4.36136794078826E-17,0.707106781186548));
#1451=DIRECTION('',(-2.6041456881832E-17,-1.,0.));
#1452=DIRECTION('',(2.6041456881832E-17,1.,0.));
#1453=DIRECTION('center_axis',(0.,0.,1.));
#1454=DIRECTION('ref_axis',(1.,0.,0.));
#1455=DIRECTION('center_axis',(0.,0.,1.));
#1456=DIRECTION('ref_axis',(-0.655077572912149,0.755561627842182,0.));
#1457=DIRECTION('center_axis',(-0.707106781186548,1.84140907531205E-17,
0.707106781186547));
#1458=DIRECTION('ref_axis',(0.707106781186547,0.,0.707106781186548));
#1459=DIRECTION('center_axis',(-0.707106781186548,1.84140907531205E-17,
0.707106781186547));
#1460=DIRECTION('ref_axis',(-0.707106781186547,4.36136794078826E-17,-0.707106781186548));
#1461=DIRECTION('',(-2.6041456881832E-17,-1.,0.));
#1462=DIRECTION('',(0.707106781186547,0.,0.707106781186548));
#1463=DIRECTION('',(2.6041456881832E-17,1.,0.));
#1464=DIRECTION('center_axis',(0.,0.,-1.));
#1465=DIRECTION('ref_axis',(-1.,0.,0.));
#1466=DIRECTION('',(0.,0.707106781186548,0.707106781186547));
#1467=DIRECTION('center_axis',(0.,0.,-1.));
#1468=DIRECTION('ref_axis',(-1.,0.,0.));
#1469=DIRECTION('center_axis',(0.,0.,1.));
#1470=DIRECTION('ref_axis',(-1.,0.,0.));
#1471=DIRECTION('center_axis',(0.,-0.707106781186547,0.707106781186548));
#1472=DIRECTION('ref_axis',(1.,0.,0.));
#1473=DIRECTION('',(0.00111688767605909,0.707106340150447,0.707106340150447));
#1474=DIRECTION('',(-1.,0.,0.));
#1475=DIRECTION('',(1.,0.,0.));
#1476=DIRECTION('center_axis',(0.,0.,-1.));
#1477=DIRECTION('ref_axis',(-0.00315903736860762,-0.999995010229003,0.));
#1478=DIRECTION('center_axis',(0.,0.,1.));
#1479=DIRECTION('ref_axis',(-0.00315903736860762,-0.999995010229003,0.));
#1480=DIRECTION('',(-0.707106781186545,0.,0.70710678118655));
#1481=DIRECTION('center_axis',(0.,0.,-1.));
#1482=DIRECTION('ref_axis',(-0.00315903736860762,-0.999995010229003,0.));
#1483=DIRECTION('center_axis',(0.707106781186547,0.,0.707106781186548));
#1484=DIRECTION('ref_axis',(0.707106781186548,0.,-0.707106781186547));
#1485=DIRECTION('',(-0.707106781186548,0.,0.707106781186547));
#1486=DIRECTION('',(0.,-1.,0.));
#1487=DIRECTION('',(0.,1.,0.));
#1488=DIRECTION('center_axis',(0.,0.,-1.));
#1489=DIRECTION('ref_axis',(0.769948816831121,0.638105649136847,0.));
#1490=DIRECTION('center_axis',(0.,0.,1.));
#1491=DIRECTION('ref_axis',(0.769948816831121,0.638105649136847,0.));
#1492=DIRECTION('',(-1.30841038223648E-15,-0.707106781186545,0.70710678118655));
#1493=DIRECTION('center_axis',(0.,0.,-1.));
#1494=DIRECTION('ref_axis',(0.769948816831121,0.638105649136847,0.));
#1495=DIRECTION('center_axis',(-2.08694227964782E-15,0.707106781186547,
0.707106781186548));
#1496=DIRECTION('ref_axis',(1.,-3.94430452610506E-31,2.95138207576777E-15));
#1497=DIRECTION('',(2.61682076447296E-15,-0.707106781186548,0.707106781186547));
#1498=DIRECTION('',(1.,2.95138207576777E-15,0.));
#1499=DIRECTION('',(-1.,-2.95138207576777E-15,0.));
#1500=DIRECTION('center_axis',(0.,0.,-1.));
#1501=DIRECTION('ref_axis',(0.,1.,0.));
#1502=DIRECTION('',(0.650705315421684,-0.276735600315475,0.707106781186548));
#1503=DIRECTION('center_axis',(0.,0.,-1.));
#1504=DIRECTION('ref_axis',(0.,1.,0.));
#1505=DIRECTION('center_axis',(0.,0.,1.));
#1506=DIRECTION('ref_axis',(0.,1.,0.));
#1507=DIRECTION('center_axis',(-0.650705315421682,0.276735600315478,0.707106781186548));
#1508=DIRECTION('ref_axis',(0.735844373611058,5.55111512312579E-17,0.677150690633148));
#1509=DIRECTION('',(0.650705315421683,-0.27673560031548,0.707106781186547));
#1510=DIRECTION('',(0.391363239157609,0.920236282177607,0.));
#1511=DIRECTION('',(-0.391363239157609,-0.920236282177607,0.));
#1512=DIRECTION('center_axis',(0.,0.,-1.));
#1513=DIRECTION('ref_axis',(-0.920236282177608,0.391363239157607,0.));
#1514=DIRECTION('',(-3.27102595559118E-16,0.70710678118655,0.707106781186545));
#1515=DIRECTION('center_axis',(0.,0.,-1.));
#1516=DIRECTION('ref_axis',(-0.920236282177608,0.391363239157607,0.));
#1517=DIRECTION('center_axis',(0.,0.,1.));
#1518=DIRECTION('ref_axis',(-0.920236282177608,0.391363239157607,0.));
#1519=DIRECTION('center_axis',(7.02745264230903E-16,-0.707106781186545,
0.70710678118655));
#1520=DIRECTION('ref_axis',(1.,-9.86076131526265E-32,-9.93831883568804E-16));
#1521=DIRECTION('',(-6.54205191118237E-16,0.70710678118655,0.707106781186545));
#1522=DIRECTION('',(-1.,-9.93831883568812E-16,0.));
#1523=DIRECTION('',(1.,9.93831883568812E-16,0.));
#1524=DIRECTION('center_axis',(0.,0.,1.));
#1525=DIRECTION('ref_axis',(0.826914229077893,0.562328069500815,0.));
#1526=DIRECTION('',(0.584716658840625,0.397625991195565,0.707106781186548));
#1527=DIRECTION('center_axis',(0.,0.,1.));
#1528=DIRECTION('ref_axis',(0.826914229077894,0.562328069500814,0.));
#1529=DIRECTION('center_axis',(0.,0.,-1.));
#1530=DIRECTION('ref_axis',(0.826914229077894,0.562328069500814,0.));
#1531=DIRECTION('center_axis',(0.707106781186543,-7.99240045306709E-8,0.707106781186547));
#1532=DIRECTION('ref_axis',(0.70710678118655,5.9557004103818E-23,-0.707106781186546));
#1533=DIRECTION('',(1.13029611166444E-7,0.999999999999994,0.));
#1534=DIRECTION('',(-0.707106781186543,7.99240022177635E-8,0.707106781186548));
#1535=DIRECTION('',(-1.13029611166444E-7,-0.999999999999994,0.));
#1536=DIRECTION('center_axis',(0.,0.,-1.));
#1537=DIRECTION('ref_axis',(1.,-1.8303512551763E-8,0.));
#1538=DIRECTION('',(-0.562729351960741,-0.428177155441347,0.707106781186548));
#1539=DIRECTION('center_axis',(0.,0.,-1.));
#1540=DIRECTION('ref_axis',(1.,-1.8303512551763E-8,0.));
#1541=DIRECTION('center_axis',(0.,0.,1.));
#1542=DIRECTION('ref_axis',(1.,-1.8303512551763E-8,0.));
#1543=DIRECTION('center_axis',(0.562729351960739,0.428177155441349,0.707106781186548));
#1544=DIRECTION('ref_axis',(0.78246191892238,2.22044604925031E-16,-0.622698438601148));
#1545=DIRECTION('',(-0.562729351960743,-0.428177155441358,0.70710678118654));
#1546=DIRECTION('',(0.605533940323489,-0.795819481488302,0.));
#1547=DIRECTION('',(-0.605533940323489,0.795819481488302,0.));
#1548=DIRECTION('center_axis',(0.,0.,1.));
#1549=DIRECTION('ref_axis',(-0.998745450334319,-0.0500751978178594,0.));
#1550=DIRECTION('',(-0.706219680610609,-0.0354085119462638,0.707106781186548));
#1551=DIRECTION('center_axis',(0.,0.,1.));
#1552=DIRECTION('ref_axis',(-0.998745450334319,-0.0500751978178594,0.));
#1553=DIRECTION('center_axis',(0.,0.,-1.));
#1554=DIRECTION('ref_axis',(-0.998745450334319,-0.0500751978178594,0.));
#1555=DIRECTION('center_axis',(0.706219680610611,0.0354085119462627,0.707106781186546));
#1556=DIRECTION('ref_axis',(0.707550470501041,6.93889390390722E-18,-0.706662813294825));
#1557=DIRECTION('',(0.0500751978178544,-0.99874545033432,0.));
#1558=DIRECTION('',(-0.0500751978178544,0.99874545033432,0.));
#1559=DIRECTION('center_axis',(0.,0.,1.));
#1560=DIRECTION('ref_axis',(1.,-1.8303512551763E-8,0.));
#1561=DIRECTION('',(0.,0.,1.));
#1562=DIRECTION('',(0.,0.,1.));
#1563=DIRECTION('center_axis',(0.999999999999994,-1.13029611166444E-7,0.));
#1564=DIRECTION('ref_axis',(1.13029611166444E-7,0.999999999999994,0.));
#1565=DIRECTION('',(0.,0.,1.));
#1566=DIRECTION('center_axis',(1.,0.,0.));
#1567=DIRECTION('ref_axis',(0.,1.,0.));
#1568=DIRECTION('',(0.,0.,1.));
#1569=DIRECTION('center_axis',(0.,0.,1.));
#1570=DIRECTION('ref_axis',(-0.00315903736860762,-0.999995010229003,0.));
#1571=DIRECTION('',(0.,0.,1.));
#1572=DIRECTION('center_axis',(0.,-1.,0.));
#1573=DIRECTION('ref_axis',(1.,0.,0.));
#1574=DIRECTION('',(0.,0.,1.));
#1575=DIRECTION('center_axis',(0.,0.,1.));
#1576=DIRECTION('ref_axis',(-1.,0.,0.));
#1577=DIRECTION('',(0.,0.,1.));
#1578=DIRECTION('center_axis',(-1.,2.6041456881832E-17,0.));
#1579=DIRECTION('ref_axis',(-2.6041456881832E-17,-1.,0.));
#1580=DIRECTION('',(0.,0.,-1.));
#1581=DIRECTION('center_axis',(0.,0.,1.));
#1582=DIRECTION('ref_axis',(1.,0.,0.));
#1583=DIRECTION('center_axis',(0.,0.,-1.));
#1584=DIRECTION('ref_axis',(-0.655077572912149,0.755561627842182,0.));
#1585=DIRECTION('center_axis',(0.,0.,1.));
#1586=DIRECTION('ref_axis',(0.327728918898361,-0.944771800869243,0.));
#1587=DIRECTION('',(0.,0.,1.));
#1588=DIRECTION('center_axis',(0.,0.,1.));
#1589=DIRECTION('ref_axis',(0.826914229077894,0.562328069500814,0.));
#1590=DIRECTION('',(0.,0.,1.));
#1591=DIRECTION('center_axis',(9.93831883568812E-16,-1.,0.));
#1592=DIRECTION('ref_axis',(1.,9.93831883568812E-16,0.));
#1593=DIRECTION('',(0.,0.,1.));
#1594=DIRECTION('center_axis',(0.,0.,1.));
#1595=DIRECTION('ref_axis',(-0.920236282177608,0.391363239157607,0.));
#1596=DIRECTION('',(0.,0.,1.));
#1597=DIRECTION('center_axis',(-0.920236282177607,0.391363239157609,0.));
#1598=DIRECTION('ref_axis',(-0.391363239157609,-0.920236282177607,0.));
#1599=DIRECTION('',(0.,0.,1.));
#1600=DIRECTION('center_axis',(0.,0.,1.));
#1601=DIRECTION('ref_axis',(0.,1.,0.));
#1602=DIRECTION('',(0.,0.,1.));
#1603=DIRECTION('center_axis',(-2.95138207576777E-15,1.,0.));
#1604=DIRECTION('ref_axis',(-1.,-2.95138207576777E-15,0.));
#1605=DIRECTION('',(0.,0.,1.));
#1606=DIRECTION('center_axis',(0.,0.,1.));
#1607=DIRECTION('ref_axis',(0.769948816831121,0.638105649136847,0.));
#1608=DIRECTION('',(0.,0.,1.));
#1609=DIRECTION('',(0.,0.,1.));
#1610=DIRECTION('center_axis',(0.99874545033432,0.0500751978178544,0.));
#1611=DIRECTION('ref_axis',(-0.0500751978178544,0.99874545033432,0.));
#1612=DIRECTION('',(0.,0.,1.));
#1613=DIRECTION('center_axis',(0.,0.,1.));
#1614=DIRECTION('ref_axis',(-0.998745450334319,-0.0500751978178594,0.));
#1615=DIRECTION('',(0.,0.,1.));
#1616=DIRECTION('center_axis',(0.795819481488302,0.605533940323489,0.));
#1617=DIRECTION('ref_axis',(-0.605533940323489,0.795819481488302,0.));
#1618=DIRECTION('center_axis',(3.03339624214524E-16,-1.,0.));
#1619=DIRECTION('ref_axis',(1.,3.03339624214524E-16,0.));
#1620=DIRECTION('center_axis',(3.03339624214524E-16,-1.,0.));
#1621=DIRECTION('ref_axis',(1.,3.03339624214524E-16,0.));
#1622=DIRECTION('',(-3.03339624214524E-16,1.,0.));
#1623=DIRECTION('center_axis',(3.03339624214524E-16,-1.,0.));
#1624=DIRECTION('ref_axis',(1.,3.03339624214524E-16,0.));
#1625=DIRECTION('center_axis',(3.03339624214524E-16,-1.,0.));
#1626=DIRECTION('ref_axis',(0.,0.,-1.));
#1627=DIRECTION('center_axis',(3.03339624214524E-16,-1.,0.));
#1628=DIRECTION('ref_axis',(0.,0.,-1.));
#1629=DIRECTION('center_axis',(0.,-1.,0.));
#1630=DIRECTION('ref_axis',(1.,0.,0.));
#1631=DIRECTION('center_axis',(0.,-1.,0.));
#1632=DIRECTION('ref_axis',(1.,0.,0.));
#1633=DIRECTION('',(0.,1.,0.));
#1634=DIRECTION('center_axis',(0.,-1.,0.));
#1635=DIRECTION('ref_axis',(1.,0.,0.));
#1636=DIRECTION('center_axis',(0.,-1.,0.));
#1637=DIRECTION('ref_axis',(1.,0.,0.));
#1638=DIRECTION('center_axis',(0.,-1.,0.));
#1639=DIRECTION('ref_axis',(1.,0.,0.));
#1640=CARTESIAN_POINT('',(0.,0.,0.));
#1641=CARTESIAN_POINT('Origin',(0.,0.,-4.65));
#1642=CARTESIAN_POINT('',(-2.45,-3.00038465791102E-16,-4.5));
#1643=CARTESIAN_POINT('Origin',(0.,0.,-4.5));
#1644=CARTESIAN_POINT('',(-2.75,3.36777869765522E-16,-4.8));
#1645=CARTESIAN_POINT('',(-2.6,3.18408167778312E-16,-4.65));
#1646=CARTESIAN_POINT('Origin',(0.,0.,-4.8));
#1647=CARTESIAN_POINT('Origin',(0.,-0.00243082003675954,-4.8));
#1648=CARTESIAN_POINT('',(0.271683694719902,4.19119957100646,-4.8));
#1649=CARTESIAN_POINT('',(-2.80930835433754,3.12206415559853,-4.8));
#1650=CARTESIAN_POINT('Ctrl Pts',(0.271673208145602,4.19119210848794,-4.8));
#1651=CARTESIAN_POINT('Ctrl Pts',(0.039242674885607,4.07813933570428,-4.8));
#1652=CARTESIAN_POINT('Ctrl Pts',(-0.558268963754872,3.83617319104626,-4.8));
#1653=CARTESIAN_POINT('Ctrl Pts',(-1.49209821058763,3.51324330923036,-4.8));
#1654=CARTESIAN_POINT('Ctrl Pts',(-2.30495678484947,3.25471833494132,-4.8));
#1655=CARTESIAN_POINT('Ctrl Pts',(-2.64830119251399,3.15748481940955,-4.8));
#1656=CARTESIAN_POINT('Ctrl Pts',(-2.80919011170891,3.12209016340657,-4.8));
#1657=CARTESIAN_POINT('Origin',(0.,0.,-4.8));
#1658=CARTESIAN_POINT('Origin',(0.,0.,0.));
#1659=CARTESIAN_POINT('',(-2.45,3.00038465791102E-16,4.5));
#1660=CARTESIAN_POINT('',(-2.45,-3.00038465791102E-16,0.));
#1661=CARTESIAN_POINT('Origin',(0.,0.,4.5));
#1662=CARTESIAN_POINT('Ctrl Pts',(-2.89399382113709,3.10490089255809,-4.8));
#1663=CARTESIAN_POINT('Ctrl Pts',(-2.72748264453709,3.13528618241764,-4.8));
#1664=CARTESIAN_POINT('Ctrl Pts',(-2.35981643460413,3.23727054021859,-4.8));
#1665=CARTESIAN_POINT('Ctrl Pts',(-1.49209821058763,3.51324330923036,-4.8));
#1666=CARTESIAN_POINT('Ctrl Pts',(-0.52030872950905,3.84930031680323,-4.8));
#1667=CARTESIAN_POINT('Ctrl Pts',(0.100214248788525,4.10294541426112,-4.8));
#1668=CARTESIAN_POINT('Ctrl Pts',(0.345321259316335,4.22783855659215,-4.8));
#1669=CARTESIAN_POINT('Ctrl Pts',(-2.91194557345962,3.20327637013534,-4.7));
#1670=CARTESIAN_POINT('Ctrl Pts',(-2.7552427329007,3.23187181537464,-4.7));
#1671=CARTESIAN_POINT('Ctrl Pts',(-2.38885599060334,3.33303936565661,-4.7));
#1672=CARTESIAN_POINT('Ctrl Pts',(-1.52451797085964,3.60808341611462,-4.7));
#1673=CARTESIAN_POINT('Ctrl Pts',(-0.55457520959846,3.94331053777484,-4.7));
#1674=CARTESIAN_POINT('Ctrl Pts',(0.0609248158112195,4.19515919374617,-4.7));
#1675=CARTESIAN_POINT('Ctrl Pts',(0.299920800266495,4.31693849103693,-4.7));
#1676=CARTESIAN_POINT('Ctrl Pts',(-2.92989732578214,3.30165184771258,-4.6));
#1677=CARTESIAN_POINT('Ctrl Pts',(-2.7830028212643,3.32845744833163,-4.6));
#1678=CARTESIAN_POINT('Ctrl Pts',(-2.41789554660255,3.42880819109462,-4.6));
#1679=CARTESIAN_POINT('Ctrl Pts',(-1.55693773113165,3.70292352299888,-4.6));
#1680=CARTESIAN_POINT('Ctrl Pts',(-0.588841689687871,4.03732075874645,-4.6));
#1681=CARTESIAN_POINT('Ctrl Pts',(0.0216353828339128,4.28737297323121,-4.6));
#1682=CARTESIAN_POINT('Ctrl Pts',(0.254520341216655,4.4060384254817,-4.6));
#1683=CARTESIAN_POINT('Ctrl Pts',(-2.94784907810467,3.40002732528982,-4.5));
#1684=CARTESIAN_POINT('Ctrl Pts',(-2.81076290962791,3.42504308128863,-4.5));
#1685=CARTESIAN_POINT('Ctrl Pts',(-2.44693510260177,3.52457701653263,-4.5));
#1686=CARTESIAN_POINT('Ctrl Pts',(-1.58935749140365,3.79776362988315,-4.5));
#1687=CARTESIAN_POINT('Ctrl Pts',(-0.62310816977728,4.13133097971806,-4.5));
#1688=CARTESIAN_POINT('Ctrl Pts',(-0.0176540501433931,4.37958675271625,
-4.5));
#1689=CARTESIAN_POINT('Ctrl Pts',(0.209119882166815,4.49513835992648,-4.5));
#1690=CARTESIAN_POINT('',(-2.94784907810467,3.40002732528982,-4.5));
#1691=CARTESIAN_POINT('Ctrl Pts',(-2.80942659696618,3.12203814779049,-4.8));
#1692=CARTESIAN_POINT('Ctrl Pts',(-2.83292748018132,3.1678988201238,-4.75018981550839));
#1693=CARTESIAN_POINT('Ctrl Pts',(-2.8564946392947,3.21443840857745,-4.69976745666484));
#1694=CARTESIAN_POINT('Ctrl Pts',(-2.90234283644512,3.30634735322213,-4.60052817939398));
#1695=CARTESIAN_POINT('Ctrl Pts',(-2.92571483571835,3.35389902781686,-4.54935241730894));
#1696=CARTESIAN_POINT('Ctrl Pts',(-2.94784907810467,3.40002732528982,-4.5));
#1697=CARTESIAN_POINT('',(0.209119882166814,4.49513835992648,-4.5));
#1698=CARTESIAN_POINT('Ctrl Pts',(-2.94784907810467,3.40002732528982,-4.5));
#1699=CARTESIAN_POINT('Ctrl Pts',(-2.81076290962791,3.42504308128863,-4.5));
#1700=CARTESIAN_POINT('Ctrl Pts',(-2.44693510260177,3.52457701653263,-4.5));
#1701=CARTESIAN_POINT('Ctrl Pts',(-1.58935749140365,3.79776362988315,-4.5));
#1702=CARTESIAN_POINT('Ctrl Pts',(-0.62310816977728,4.13133097971806,-4.5));
#1703=CARTESIAN_POINT('Ctrl Pts',(-0.0176540501433931,4.37958675271625,
-4.5));
#1704=CARTESIAN_POINT('Ctrl Pts',(0.209119882166815,4.49513835992648,-4.5));
#1705=CARTESIAN_POINT('Ctrl Pts',(0.271695365236071,4.19120288562952,-4.8));
#1706=CARTESIAN_POINT('Ctrl Pts',(0.261722195621628,4.24192425148048,-4.75003003072461));
#1707=CARTESIAN_POINT('Ctrl Pts',(0.251514470179054,4.29269225466314,-4.69996605656679));
#1708=CARTESIAN_POINT('Ctrl Pts',(0.230682929596947,4.39392876811436,-4.60003973986286));
#1709=CARTESIAN_POINT('Ctrl Pts',(0.220011411690306,4.44462936352234,-4.54994828708602));
#1710=CARTESIAN_POINT('Ctrl Pts',(0.209119882166818,4.49513835992648,-4.5));
#1711=CARTESIAN_POINT('Origin',(0.,0.,-4.65));
#1712=CARTESIAN_POINT('Origin',(0.,0.,-4.5));
#1713=CARTESIAN_POINT('Ctrl Pts',(0.209119882166813,4.49513835992648,-4.8));
#1714=CARTESIAN_POINT('Ctrl Pts',(0.209119882166813,4.49513835992648,6.72));
#1715=CARTESIAN_POINT('Ctrl Pts',(0.125032146995308,4.45229184380908,-4.8));
#1716=CARTESIAN_POINT('Ctrl Pts',(0.125032146995308,4.45229184380908,6.72));
#1717=CARTESIAN_POINT('Ctrl Pts',(-0.074102277933672,4.35811661800115,-4.8));
#1718=CARTESIAN_POINT('Ctrl Pts',(-0.074102277933672,4.35811661800115,6.72));
#1719=CARTESIAN_POINT('Ctrl Pts',(-0.439237704816959,4.20604932426363,-4.8));
#1720=CARTESIAN_POINT('Ctrl Pts',(-0.439237704816959,4.20604932426363,6.72));
#1721=CARTESIAN_POINT('Ctrl Pts',(-1.03425840161365,3.98639663729469,-4.8));
#1722=CARTESIAN_POINT('Ctrl Pts',(-1.03425840161365,3.98639663729469,6.72));
#1723=CARTESIAN_POINT('Ctrl Pts',(-1.8442939223645,3.71231990809867,-4.8));
#1724=CARTESIAN_POINT('Ctrl Pts',(-1.8442939223645,3.71231990809867,6.72));
#1725=CARTESIAN_POINT('Ctrl Pts',(-2.42268550564092,3.53216406692914,-4.8));
#1726=CARTESIAN_POINT('Ctrl Pts',(-2.42268550564092,3.53216406692914,6.72));
#1727=CARTESIAN_POINT('Ctrl Pts',(-2.7392363373471,3.44469379727741,-4.8));
#1728=CARTESIAN_POINT('Ctrl Pts',(-2.7392363373471,3.44469379727741,6.72));
#1729=CARTESIAN_POINT('Ctrl Pts',(-2.88858672158895,3.41084163768169,-4.8));
#1730=CARTESIAN_POINT('Ctrl Pts',(-2.88858672158895,3.41084163768169,6.72));
#1731=CARTESIAN_POINT('Ctrl Pts',(-2.94784907810467,3.40002732528982,-4.8));
#1732=CARTESIAN_POINT('Ctrl Pts',(-2.94784907810467,3.40002732528982,6.72));
#1733=CARTESIAN_POINT('',(-2.94784907810467,3.40002732528982,4.5));
#1734=CARTESIAN_POINT('',(-2.94784907810467,3.40002732528982,0.));
#1735=CARTESIAN_POINT('',(0.209119882166814,4.49513835992648,4.5));
#1736=CARTESIAN_POINT('Ctrl Pts',(0.209119882166815,4.49513835992648,4.5));
#1737=CARTESIAN_POINT('Ctrl Pts',(-0.131041016298498,4.32181094911113,4.5));
#1738=CARTESIAN_POINT('Ctrl Pts',(-1.00467756416024,3.99112722518182,4.5));
#1739=CARTESIAN_POINT('Ctrl Pts',(-2.32934787787965,3.55634642062121,4.5));
#1740=CARTESIAN_POINT('Ctrl Pts',(-2.81076290962791,3.42504308128863,4.5));
#1741=CARTESIAN_POINT('Ctrl Pts',(-2.94784907810467,3.40002732528982,4.5));
#1742=CARTESIAN_POINT('',(0.209119882166815,4.49513835992648,2.15));
#1743=CARTESIAN_POINT('',(0.209119882166814,4.49513835992648,0.));
#1744=CARTESIAN_POINT('',(0.209119882166815,4.49513835992648,-2.15));
#1745=CARTESIAN_POINT('',(0.209119882166814,4.49513835992648,0.));
#1746=CARTESIAN_POINT('',(0.209119882166814,4.49513835992648,0.));
#1747=CARTESIAN_POINT('Origin',(0.,0.,4.65));
#1748=CARTESIAN_POINT('',(-2.75,-3.36777869765522E-16,4.8));
#1749=CARTESIAN_POINT('',(-2.6,-3.18408167778312E-16,4.65));
#1750=CARTESIAN_POINT('Origin',(0.,0.,4.8));
#1751=CARTESIAN_POINT('Origin',(0.,-0.00243082003675954,4.8));
#1752=CARTESIAN_POINT('',(-2.80933662143467,3.12201287916977,4.8));
#1753=CARTESIAN_POINT('',(0.271694614336212,4.1911931605001,4.8));
#1754=CARTESIAN_POINT('Ctrl Pts',(-2.80918058669398,3.12204705647486,4.8));
#1755=CARTESIAN_POINT('Ctrl Pts',(-2.64860043425675,3.15722861360813,4.8));
#1756=CARTESIAN_POINT('Ctrl Pts',(-2.17943587847329,3.28918900846923,4.8));
#1757=CARTESIAN_POINT('Ctrl Pts',(-0.939886460137301,3.69618966479537,4.8));
#1758=CARTESIAN_POINT('Ctrl Pts',(-0.0910747545423338,4.0146404739065,4.8));
#1759=CARTESIAN_POINT('Ctrl Pts',(0.271676892507578,4.19118453554822,4.8));
#1760=CARTESIAN_POINT('Origin',(0.,0.,4.8));
#1761=CARTESIAN_POINT('Ctrl Pts',(0.345321259316334,4.22783855659215,4.8));
#1762=CARTESIAN_POINT('Ctrl Pts',(-0.0223392564753799,4.04049884309561,
4.8));
#1763=CARTESIAN_POINT('Ctrl Pts',(-0.902658391557005,3.70841333907717,4.8));
#1764=CARTESIAN_POINT('Ctrl Pts',(-2.23988981540621,3.26933922140529,4.8));
#1765=CARTESIAN_POINT('Ctrl Pts',(-2.72748264453709,3.13528618241764,4.8));
#1766=CARTESIAN_POINT('Ctrl Pts',(-2.89399382113708,3.10490089255809,4.8));
#1767=CARTESIAN_POINT('Ctrl Pts',(0.299920800266494,4.31693849103693,4.7));
#1768=CARTESIAN_POINT('Ctrl Pts',(-0.0585731764164186,4.13426954510078,
4.7));
#1769=CARTESIAN_POINT('Ctrl Pts',(-0.93666478242475,3.80265130111205,4.7));
#1770=CARTESIAN_POINT('Ctrl Pts',(-2.26970916956402,3.3650082878106,4.7));
#1771=CARTESIAN_POINT('Ctrl Pts',(-2.7552427329007,3.23187181537464,4.7));
#1772=CARTESIAN_POINT('Ctrl Pts',(-2.91194557345961,3.20327637013534,4.7));
#1773=CARTESIAN_POINT('Ctrl Pts',(0.254520341216654,4.4060384254817,4.6));
#1774=CARTESIAN_POINT('Ctrl Pts',(-0.094807096357459,4.22804024710596,4.6));
#1775=CARTESIAN_POINT('Ctrl Pts',(-0.970671173292496,3.89688926314693,4.6));
#1776=CARTESIAN_POINT('Ctrl Pts',(-2.29952852372184,3.46067735421591,4.6));
#1777=CARTESIAN_POINT('Ctrl Pts',(-2.7830028212643,3.32845744833163,4.6));
#1778=CARTESIAN_POINT('Ctrl Pts',(-2.92989732578214,3.30165184771258,4.6));
#1779=CARTESIAN_POINT('Ctrl Pts',(0.209119882166815,4.49513835992648,4.5));
#1780=CARTESIAN_POINT('Ctrl Pts',(-0.131041016298498,4.32181094911113,4.5));
#1781=CARTESIAN_POINT('Ctrl Pts',(-1.00467756416024,3.99112722518182,4.5));
#1782=CARTESIAN_POINT('Ctrl Pts',(-2.32934787787965,3.55634642062121,4.5));
#1783=CARTESIAN_POINT('Ctrl Pts',(-2.81076290962791,3.42504308128863,4.5));
#1784=CARTESIAN_POINT('Ctrl Pts',(-2.94784907810467,3.40002732528982,4.5));
#1785=CARTESIAN_POINT('Ctrl Pts',(0.271712336164846,4.19120178545198,4.8));
#1786=CARTESIAN_POINT('Ctrl Pts',(0.26172948837812,4.24191683796184,4.7500370105393));
#1787=CARTESIAN_POINT('Ctrl Pts',(0.251514221142733,4.29269929618209,4.69995903963893));
#1788=CARTESIAN_POINT('Ctrl Pts',(0.230683247186953,4.39391877878867,4.60004969421005));
#1789=CARTESIAN_POINT('Ctrl Pts',(0.220009398058617,4.44463870165208,4.54993905262051));
#1790=CARTESIAN_POINT('Ctrl Pts',(0.20911988216682,4.49513835992648,4.5));
#1791=CARTESIAN_POINT('Ctrl Pts',(-2.80949265617537,3.12197870186468,4.8));
#1792=CARTESIAN_POINT('Ctrl Pts',(-2.83302655319413,3.1679688783202,4.75007174708702));
#1793=CARTESIAN_POINT('Ctrl Pts',(-2.85664769943329,3.21466466531755,4.69949680221009));
#1794=CARTESIAN_POINT('Ctrl Pts',(-2.90245935373652,3.30656974992112,4.60028410102294));
#1795=CARTESIAN_POINT('Ctrl Pts',(-2.92577329092262,3.35402084987898,4.54922208054004));
#1796=CARTESIAN_POINT('Ctrl Pts',(-2.94784907810467,3.40002732528982,4.5));
#1797=CARTESIAN_POINT('Origin',(0.,0.,4.65));
#1798=CARTESIAN_POINT('Origin',(0.,0.,4.5));
#1799=CARTESIAN_POINT('Ctrl Pts',(0.343572411787386,4.22694811121646,-2.45));
#1800=CARTESIAN_POINT('Ctrl Pts',(0.699677558995431,4.40812641687068,-2.45));
#1801=CARTESIAN_POINT('Ctrl Pts',(1.1351896028696,4.79630441377718,-2.45));
#1802=CARTESIAN_POINT('Ctrl Pts',(1.74598179350002,5.75261843264085,-2.45));
#1803=CARTESIAN_POINT('Ctrl Pts',(2.46915981118831,7.20389478051101,-2.45));
#1804=CARTESIAN_POINT('Ctrl Pts',(2.73840529808971,8.78804948465781,-2.45));
#1805=CARTESIAN_POINT('Ctrl Pts',(2.49728837203476,10.17897557007,-2.45));
#1806=CARTESIAN_POINT('Ctrl Pts',(2.06553325384251,11.1914496524382,-2.45));
#1807=CARTESIAN_POINT('Ctrl Pts',(1.83837929276655,11.5903816260751,-2.45));
#1808=CARTESIAN_POINT('Ctrl Pts',(1.74041782199307,11.7343290696732,-2.45));
#1809=CARTESIAN_POINT('Ctrl Pts',(0.298207989060753,4.31608486986155,-2.34998350566036));
#1810=CARTESIAN_POINT('Ctrl Pts',(0.645467744319068,4.49277645295154,-2.34998350566036));
#1811=CARTESIAN_POINT('Ctrl Pts',(1.04910631742448,4.85229328012198,-2.34998350566036));
#1812=CARTESIAN_POINT('Ctrl Pts',(1.66198149464797,5.80399001007064,-2.34998350566036));
#1813=CARTESIAN_POINT('Ctrl Pts',(2.37323640805793,7.23745864991703,-2.34998350566036));
#1814=CARTESIAN_POINT('Ctrl Pts',(2.6368661360855,8.78833295421168,-2.34998350566036));
#1815=CARTESIAN_POINT('Ctrl Pts',(2.40085397707392,10.1493004058351,-2.34998350566036));
#1816=CARTESIAN_POINT('Ctrl Pts',(1.97597687896789,11.1471520535925,-2.34998350566036));
#1817=CARTESIAN_POINT('Ctrl Pts',(1.75127544389523,11.5406049733918,-2.34998350566036));
#1818=CARTESIAN_POINT('Ctrl Pts',(1.65773445697688,11.6780550887647,-2.34998350566036));
#1819=CARTESIAN_POINT('Ctrl Pts',(0.252843566334119,4.40522162850664,-2.24996701132073));
#1820=CARTESIAN_POINT('Ctrl Pts',(0.591257929642706,4.57742648903239,-2.24996701132073));
#1821=CARTESIAN_POINT('Ctrl Pts',(0.963023031979354,4.90828214646677,-2.24996701132073));
#1822=CARTESIAN_POINT('Ctrl Pts',(1.57798119579593,5.85536158750042,-2.24996701132073));
#1823=CARTESIAN_POINT('Ctrl Pts',(2.27731300492756,7.27102251932304,-2.24996701132073));
#1824=CARTESIAN_POINT('Ctrl Pts',(2.53532697408128,8.78861642376555,-2.24996701132073));
#1825=CARTESIAN_POINT('Ctrl Pts',(2.30441958211309,10.1196252416003,-2.24996701132073));
#1826=CARTESIAN_POINT('Ctrl Pts',(1.88642050409325,11.1028544547468,-2.24996701132073));
#1827=CARTESIAN_POINT('Ctrl Pts',(1.66417159502392,11.4908283207084,-2.24996701132073));
#1828=CARTESIAN_POINT('Ctrl Pts',(1.5750510919607,11.6217811078562,-2.24996701132073));
#1829=CARTESIAN_POINT('Ctrl Pts',(0.207479143607486,4.49435838715174,-2.14995051698109));
#1830=CARTESIAN_POINT('Ctrl Pts',(0.537048114966343,4.66207652511324,-2.14995051698109));
#1831=CARTESIAN_POINT('Ctrl Pts',(0.87693974653423,4.96427101281155,-2.14995051698109));
#1832=CARTESIAN_POINT('Ctrl Pts',(1.49398089694388,5.90673316493021,-2.14995051698109));
#1833=CARTESIAN_POINT('Ctrl Pts',(2.18138960179718,7.30458638872906,-2.14995051698109));
#1834=CARTESIAN_POINT('Ctrl Pts',(2.43378781207708,8.78889989331942,-2.14995051698109));
#1835=CARTESIAN_POINT('Ctrl Pts',(2.20798518715227,10.0899500773655,-2.14995051698109));
#1836=CARTESIAN_POINT('Ctrl Pts',(1.79686412921862,11.058556855901,-2.14995051698109));
#1837=CARTESIAN_POINT('Ctrl Pts',(1.5770677461526,11.4410516680251,-2.14995051698109));
#1838=CARTESIAN_POINT('Ctrl Pts',(1.49236772694451,11.5655071269477,-2.14995051698109));
#1839=CARTESIAN_POINT('',(0.702500592069153,4.44601285327944,-2.45));
#1840=CARTESIAN_POINT('Ctrl Pts',(0.209119882166817,4.49513835992648,-2.15));
#1841=CARTESIAN_POINT('Ctrl Pts',(0.296171094809151,4.49108862043625,-2.19312996537905));
#1842=CARTESIAN_POINT('Ctrl Pts',(0.379857153038192,4.48470945815801,-2.23929968635936));
#1843=CARTESIAN_POINT('Ctrl Pts',(0.539537378510239,4.46820886450344,-2.33709947006794));
#1844=CARTESIAN_POINT('Ctrl Pts',(0.613918329339292,4.45853458811437,-2.38706854411245));
#1845=CARTESIAN_POINT('Ctrl Pts',(0.691547711873942,4.44654760790494,-2.44301156634503));
#1846=CARTESIAN_POINT('Ctrl Pts',(0.696367642023,4.44579529853083,-2.44650093428509));
#1847=CARTESIAN_POINT('Ctrl Pts',(0.701179415977584,4.44503626831203,-2.45));
#1848=CARTESIAN_POINT('',(1.49282507847341,11.5649228191616,-2.15));
#1849=CARTESIAN_POINT('Ctrl Pts',(0.209119882166814,4.49513835992648,-2.15));
#1850=CARTESIAN_POINT('Ctrl Pts',(0.223066527665292,4.5022448085651,-2.15));
#1851=CARTESIAN_POINT('Ctrl Pts',(0.333312623153758,4.55916392224602,-2.15));
#1852=CARTESIAN_POINT('Ctrl Pts',(0.51411156096898,4.66400038298021,-2.15));
#1853=CARTESIAN_POINT('Ctrl Pts',(0.713322583684743,4.81769593209082,-2.15));
#1854=CARTESIAN_POINT('Ctrl Pts',(0.927380185110796,5.06367721598692,-2.15));
#1855=CARTESIAN_POINT('Ctrl Pts',(1.21814280914875,5.48353668203664,-2.15));
#1856=CARTESIAN_POINT('Ctrl Pts',(1.54816232684872,6.03005829172792,-2.15));
#1857=CARTESIAN_POINT('Ctrl Pts',(1.88271155800698,6.68067113893238,-2.15));
#1858=CARTESIAN_POINT('Ctrl Pts',(2.16180749215782,7.39416424364724,-2.15));
#1859=CARTESIAN_POINT('Ctrl Pts',(2.33362003192746,8.12568666887855,-2.15));
#1860=CARTESIAN_POINT('Ctrl Pts',(2.3820722914098,8.83888987829062,-2.15));
#1861=CARTESIAN_POINT('Ctrl Pts',(2.3191973293473,9.50574641186728,-2.15));
#1862=CARTESIAN_POINT('Ctrl Pts',(2.17461370816873,10.1051127484425,-2.15));
#1863=CARTESIAN_POINT('Ctrl Pts',(1.98628117097468,10.6219809669305,-2.15));
#1864=CARTESIAN_POINT('Ctrl Pts',(1.79438410999469,11.0407679752332,-2.15));
#1865=CARTESIAN_POINT('Ctrl Pts',(1.65703724992646,11.2993483354813,-2.15));
#1866=CARTESIAN_POINT('Ctrl Pts',(1.5683425487489,11.4496732743031,-2.15));
#1867=CARTESIAN_POINT('Ctrl Pts',(1.51636490289731,11.530307055123,-2.15));
#1868=CARTESIAN_POINT('Ctrl Pts',(1.4928250784734,11.5649228191616,-2.15));
#1869=CARTESIAN_POINT('',(1.74089934719677,11.7336212400118,-2.45));
#1870=CARTESIAN_POINT('',(1.49282507847341,11.5649228191616,-2.15));
#1871=CARTESIAN_POINT('Ctrl Pts',(1.74089934719676,11.7336212400118,-2.45));
#1872=CARTESIAN_POINT('Ctrl Pts',(1.83875172921904,11.5897274324073,-2.45));
#1873=CARTESIAN_POINT('Ctrl Pts',(2.06576925774105,11.1908962187427,-2.45));
#1874=CARTESIAN_POINT('Ctrl Pts',(2.49728837203476,10.17897557007,-2.45));
#1875=CARTESIAN_POINT('Ctrl Pts',(2.73840529808971,8.78804948465781,-2.45));
#1876=CARTESIAN_POINT('Ctrl Pts',(2.46915981118831,7.20389478051101,-2.45));
#1877=CARTESIAN_POINT('Ctrl Pts',(1.74598179350002,5.75261843264085,-2.45));
#1878=CARTESIAN_POINT('Ctrl Pts',(1.21439497747637,4.92031583905035,-2.45));
#1879=CARTESIAN_POINT('Ctrl Pts',(0.867991641434237,4.56853419983057,-2.45));
#1880=CARTESIAN_POINT('Ctrl Pts',(0.703821768160722,4.44698943824684,-2.45));
#1881=CARTESIAN_POINT('Origin',(1.22407795402309,11.3821661965738,-2.3));
#1882=CARTESIAN_POINT('',(1.22407795402309,11.7071661965738,-2.15));
#1883=CARTESIAN_POINT('',(1.22407795402309,12.0071661965738,-2.45));
#1884=CARTESIAN_POINT('',(1.22407795402309,11.7071661965738,-2.15));
#1885=CARTESIAN_POINT('Origin',(1.22407795402309,11.3821661965738,-2.45));
#1886=CARTESIAN_POINT('Origin',(1.22407795402309,11.3821661965738,-2.15));
#1887=CARTESIAN_POINT('Origin',(1.81589228014497,11.8571661965738,-2.3));
#1888=CARTESIAN_POINT('',(-1.01014906763049,11.7071661965738,-2.15));
#1889=CARTESIAN_POINT('',(-1.01014906763049,12.0071661965738,-2.45));
#1890=CARTESIAN_POINT('',(-1.01014906763049,11.7071661965738,-2.15));
#1891=CARTESIAN_POINT('',(1.81589228014497,12.0071661965738,-2.45));
#1892=CARTESIAN_POINT('',(1.81589228014497,11.7071661965738,-2.15));
#1893=CARTESIAN_POINT('Origin',(-1.01014906763049,12.0321661965738,-2.3));
#1894=CARTESIAN_POINT('',(-1.30922585933821,12.1593592493,-2.15));
#1895=CARTESIAN_POINT('',(-1.03315497468493,12.0419502775527,-2.45));
#1896=CARTESIAN_POINT('',(-1.30922585933821,12.1593592493,-2.15));
#1897=CARTESIAN_POINT('Origin',(-1.01014906763049,12.0321661965738,-2.45));
#1898=CARTESIAN_POINT('Origin',(-1.01014906763049,12.0321661965738,-2.15));
#1899=CARTESIAN_POINT('Origin',(-1.40692656210584,11.54635397063,-2.3));
#1900=CARTESIAN_POINT('',(1.51587551803547,18.8021926280431,-2.15));
#1901=CARTESIAN_POINT('',(1.79194640268875,18.6847836562958,-2.45));
#1902=CARTESIAN_POINT('',(1.51587551803547,18.8021926280431,-2.15));
#1903=CARTESIAN_POINT('',(-1.2688911197792,11.4876494847563,-2.45));
#1904=CARTESIAN_POINT('',(-1.54496200443248,11.6050584565036,-2.15));
#1905=CARTESIAN_POINT('Origin',(1.81495230974319,18.6749995753169,-2.3));
#1906=CARTESIAN_POINT('',(1.81495230974319,18.9999995753169,-2.15));
#1907=CARTESIAN_POINT('',(1.81495230974319,18.6999995753169,-2.45));
#1908=CARTESIAN_POINT('',(1.81495230974319,18.9999995753169,-2.15));
#1909=CARTESIAN_POINT('Origin',(1.81495230974319,18.6749995753169,-2.45));
#1910=CARTESIAN_POINT('Origin',(1.81495230974319,18.6749995753169,-2.15));
#1911=CARTESIAN_POINT('Origin',(3.98078407284581,18.8499995753169,-2.3));
#1912=CARTESIAN_POINT('',(3.31963451777123,18.9999995753169,-2.15));
#1913=CARTESIAN_POINT('',(3.31963451777123,18.6999995753169,-2.45));
#1914=CARTESIAN_POINT('',(3.31963451777123,18.9999995753169,-2.15));
#1915=CARTESIAN_POINT('',(3.98078407284581,18.6999995753169,-2.45));
#1916=CARTESIAN_POINT('',(3.98078407284581,18.9999995753169,-2.15));
#1917=CARTESIAN_POINT('Origin',(3.31963451777123,18.6749995753169,-2.3));
#1918=CARTESIAN_POINT('',(3.56986788324134,18.8823839112864,-2.15));
#1919=CARTESIAN_POINT('',(3.33993614919197,18.6896176407671,-2.44998312417891));
#1920=CARTESIAN_POINT('Ctrl Pts',(3.56986788324134,18.8823839112864,-2.15));
#1921=CARTESIAN_POINT('Ctrl Pts',(3.5517941206145,18.8650135465752,-2.175));
#1922=CARTESIAN_POINT('Ctrl Pts',(3.53343715227638,18.8479603791754,-2.2));
#1923=CARTESIAN_POINT('Ctrl Pts',(3.49617330608016,18.8145024871687,-2.25));
#1924=CARTESIAN_POINT('Ctrl Pts',(3.47726642849107,18.7980977627822,-2.275));
#1925=CARTESIAN_POINT('Ctrl Pts',(3.43891957850849,18.7659504264363,-2.325));
#1926=CARTESIAN_POINT('Ctrl Pts',(3.41947960638842,18.7502078146917,-2.35));
#1927=CARTESIAN_POINT('Ctrl Pts',(3.38008811846295,18.7194014540216,-2.3999943747263));
#1928=CARTESIAN_POINT('Ctrl Pts',(3.36013671902235,18.7043375533506,-2.42498874945261));
#1929=CARTESIAN_POINT('Ctrl Pts',(3.33993614919197,18.6896176407671,-2.44998312417891));
#1930=CARTESIAN_POINT('Origin',(3.31963451777123,18.6749995753169,-2.45));
#1931=CARTESIAN_POINT('Origin',(3.31963451777123,18.6749995753169,-2.15));
#1932=CARTESIAN_POINT('Origin',(7.6342100667034,-5.2734047194965,-2.3));
#1933=CARTESIAN_POINT('',(6.92101835529361,11.9466366295806,-2.15));
#1934=CARTESIAN_POINT('',(8.0790162989024,-11.1495312953598,-2.15));
#1935=CARTESIAN_POINT('',(7.78402188425354,-5.26589343982382,-2.15));
#1936=CARTESIAN_POINT('',(7.7793926638021,-11.1645538547051,-2.45));
#1937=CARTESIAN_POINT('',(8.0790162989024,-11.1495312953598,-2.15));
#1938=CARTESIAN_POINT('',(6.62274351454919,11.9047125983753,-2.4499999999956));
#1939=CARTESIAN_POINT('',(7.48439824915325,-5.28091599916918,-2.45));
#1940=CARTESIAN_POINT('Ctrl Pts',(6.6227435057033,11.9047126609495,-2.45));
#1941=CARTESIAN_POINT('Ctrl Pts',(6.68522019619838,11.9135316112634,-2.38716007893458));
#1942=CARTESIAN_POINT('Ctrl Pts',(6.74769757423316,11.9223434215622,-2.32431982856666));
#1943=CARTESIAN_POINT('Ctrl Pts',(6.84764919977095,11.936372822633,-2.22379107227339));
#1944=CARTESIAN_POINT('Ctrl Pts',(6.88308592279668,11.9413341559453,-2.18815036679264));
#1945=CARTESIAN_POINT('Ctrl Pts',(6.92101835529362,11.9466366295806,-2.15));
#1946=CARTESIAN_POINT('Origin',(8.40360857026105,-11.133256856069,-2.3));
#1947=CARTESIAN_POINT('',(8.14496723877735,-11.3300553866741,-2.15));
#1948=CARTESIAN_POINT('',(7.90622139433087,-11.5117155687711,-2.45));
#1949=CARTESIAN_POINT('',(8.14496723877735,-11.3300553866741,-2.15));
#1950=CARTESIAN_POINT('Origin',(8.40360857026105,-11.133256856069,-2.45));
#1951=CARTESIAN_POINT('Origin',(8.40360857026105,-11.133256856069,-2.15));
#1952=CARTESIAN_POINT('Origin',(5.74280656829639,-8.42074487256382,-2.3));
#1953=CARTESIAN_POINT('',(10.5526576549551,-14.4943486012928,-2.15));
#1954=CARTESIAN_POINT('',(10.3139118105086,-14.6760087833898,-2.45));
#1955=CARTESIAN_POINT('',(10.5526576549551,-14.4943486012928,-2.15));
#1956=CARTESIAN_POINT('',(5.62343364607314,-8.51157496361235,-2.45));
#1957=CARTESIAN_POINT('',(5.86217949051963,-8.3299147815153,-2.15));
#1958=CARTESIAN_POINT('Origin',(10.2940163234714,-14.6911471318979,-2.3));
#1959=CARTESIAN_POINT('',(10.6190163234714,-14.6911471378465,-2.15));
#1960=CARTESIAN_POINT('',(10.3190163234714,-14.6911471323555,-2.45));
#1961=CARTESIAN_POINT('',(10.6190163234714,-14.6911471378465,-2.15));
#1962=CARTESIAN_POINT('Origin',(10.2940163234714,-14.6911471318979,-2.45));
#1963=CARTESIAN_POINT('Origin',(10.2940163234714,-14.6911471318979,-2.15));
#1964=CARTESIAN_POINT('Origin',(10.4690171682985,-7.21675949821971,-2.3));
#1965=CARTESIAN_POINT('',(10.6190162989024,-14.9085148988499,-2.15));
#1966=CARTESIAN_POINT('',(10.3190162989024,-14.9085148649411,-2.45));
#1967=CARTESIAN_POINT('',(10.6190162989024,-14.9085148988499,-2.15));
#1968=CARTESIAN_POINT('',(10.3190171682985,-7.21675948126527,-2.45));
#1969=CARTESIAN_POINT('',(10.6190171682985,-7.21675951517415,-2.15));
#1970=CARTESIAN_POINT('Origin',(10.4690162989024,-8.13750497158388,-2.3));
#1971=CARTESIAN_POINT('',(10.619016298784,-16.7500064872569,-2.15));
#1972=CARTESIAN_POINT('',(10.6190162989024,-8.13750497158388,-2.15));
#1973=CARTESIAN_POINT('',(10.3190162989024,-16.7500064872569,-2.45));
#1974=CARTESIAN_POINT('',(10.619016298784,-16.7500064872569,-2.15));
#1975=CARTESIAN_POINT('',(10.3190162989024,-8.13750497158388,-2.45));
#1976=CARTESIAN_POINT('Origin',(9.3190162989024,-16.7500064872569,-2.3));
#1977=CARTESIAN_POINT('',(9.31490955032358,-18.0500000004363,-2.15));
#1978=CARTESIAN_POINT('',(9.31538340915729,-17.7499999347141,-2.44999999087996));
#1979=CARTESIAN_POINT('Ctrl Pts',(9.31490955032358,-18.0500000004363,-2.15));
#1980=CARTESIAN_POINT('Ctrl Pts',(9.31502011781484,-17.949999860022,-2.24999999072311));
#1981=CARTESIAN_POINT('Ctrl Pts',(9.31517807073638,-17.8499998206525,-2.34999998144623));
#1982=CARTESIAN_POINT('Ctrl Pts',(9.31538340899869,-17.7499999160031,-2.44999997216934));
#1983=CARTESIAN_POINT('Origin',(9.3190162989024,-16.7500064872569,-2.45));
#1984=CARTESIAN_POINT('Origin',(9.3190162989024,-16.7500064872569,-2.15));
#1985=CARTESIAN_POINT('Origin',(3.33047496855902,-17.9000000004363,-2.3));
#1986=CARTESIAN_POINT('',(2.0190163091976,-18.0500000004363,-2.15));
#1987=CARTESIAN_POINT('',(3.33047496855902,-18.0500000004363,-2.15));
#1988=CARTESIAN_POINT('',(2.0190163091976,-17.7500000004363,-2.45));
#1989=CARTESIAN_POINT('',(2.0190163091976,-18.0500000004363,-2.15));
#1990=CARTESIAN_POINT('',(3.33047496855902,-17.7500000004363,-2.45));
#1991=CARTESIAN_POINT('Origin',(2.0190163091976,-15.0500000004363,-2.3));
#1992=CARTESIAN_POINT('',(-0.980983690802402,-15.0500000004363,-2.15));
#1993=CARTESIAN_POINT('',(-0.680983690802401,-15.0500000004363,-2.45));
#1994=CARTESIAN_POINT('',(-0.980983690802402,-15.0500000004363,-2.15));
#1995=CARTESIAN_POINT('Origin',(2.0190163091976,-15.0500000004363,-2.45));
#1996=CARTESIAN_POINT('Origin',(2.0190163091976,-15.0500000004363,-2.15));
#1997=CARTESIAN_POINT('Origin',(-0.830983690802402,-1.95838828003294,-2.3));
#1998=CARTESIAN_POINT('',(-0.980983690802403,-4.39177310415505,-2.15));
#1999=CARTESIAN_POINT('',(-0.680983690802403,-4.4481750429655,-2.45));
#2000=CARTESIAN_POINT('Origin',(0.,0.,-3.1309836908024));
#2001=CARTESIAN_POINT('',(-0.680983690802403,-1.95838828003294,-2.45));
#2002=CARTESIAN_POINT('',(-0.980983690802402,-1.95838828003294,-2.15));
#2003=CARTESIAN_POINT('Ctrl Pts',(3.33996651493295,18.6896450226156,-2.45));
#2004=CARTESIAN_POINT('Ctrl Pts',(3.34033483197045,18.6892107365922,-2.45));
#2005=CARTESIAN_POINT('Ctrl Pts',(3.34070314900795,18.6887764505688,-2.45));
#2006=CARTESIAN_POINT('Ctrl Pts',(3.34107146604545,18.6883421645453,-2.45));
#2007=CARTESIAN_POINT('Ctrl Pts',(4.45501991169006,17.3748752555686,-2.45));
#2008=CARTESIAN_POINT('Ctrl Pts',(5.39467641894933,15.6729927653262,-2.45));
#2009=CARTESIAN_POINT('Ctrl Pts',(6.32987899050744,13.1146982499797,-2.45));
#2010=CARTESIAN_POINT('Ctrl Pts',(6.57814277048505,12.0973875929371,-2.45));
#2011=CARTESIAN_POINT('Ctrl Pts',(6.6287604536655,11.8789216464828,-2.45));
#2012=CARTESIAN_POINT('Ctrl Pts',(3.41623198733158,18.7543256048626,-2.35));
#2013=CARTESIAN_POINT('Ctrl Pts',(3.41660030436908,18.7538913188392,-2.35));
#2014=CARTESIAN_POINT('Ctrl Pts',(3.41696862140658,18.7534570328158,-2.35));
#2015=CARTESIAN_POINT('Ctrl Pts',(3.41733693844408,18.7530227467923,-2.35));
#2016=CARTESIAN_POINT('Ctrl Pts',(4.5383410695738,17.4314578926675,-2.35));
#2017=CARTESIAN_POINT('Ctrl Pts',(5.48586864072911,15.7153931578748,-2.35));
#2018=CARTESIAN_POINT('Ctrl Pts',(6.42607655861674,13.1423714233507,-2.35));
#2019=CARTESIAN_POINT('Ctrl Pts',(6.67467565934001,12.1236507286363,-2.35));
#2020=CARTESIAN_POINT('Ctrl Pts',(6.72617975420821,11.9014933075154,-2.35));
#2021=CARTESIAN_POINT('Ctrl Pts',(3.49249745973021,18.8190061871097,-2.25));
#2022=CARTESIAN_POINT('Ctrl Pts',(3.49286577676771,18.8185719010862,-2.25));
#2023=CARTESIAN_POINT('Ctrl Pts',(3.49323409380521,18.8181376150628,-2.25));
#2024=CARTESIAN_POINT('Ctrl Pts',(3.49360241084271,18.8177033290394,-2.25));
#2025=CARTESIAN_POINT('Ctrl Pts',(4.62027684429466,17.489009611381,-2.25));
#2026=CARTESIAN_POINT('Ctrl Pts',(5.57700978330655,15.7590816637269,-2.25));
#2027=CARTESIAN_POINT('Ctrl Pts',(6.52241931897061,13.1681696698443,-2.25));
#2028=CARTESIAN_POINT('Ctrl Pts',(6.76949381038788,12.1577175094774,-2.25));
#2029=CARTESIAN_POINT('Ctrl Pts',(6.82359905475091,11.924064968548,-2.25));
#2030=CARTESIAN_POINT('Ctrl Pts',(3.56876293212884,18.8836867693567,-2.15));
#2031=CARTESIAN_POINT('Ctrl Pts',(3.56913124916634,18.8832524833332,-2.15));
#2032=CARTESIAN_POINT('Ctrl Pts',(3.56949956620384,18.8828181973098,-2.15));
#2033=CARTESIAN_POINT('Ctrl Pts',(3.56986788324134,18.8823839112864,-2.15));
#2034=CARTESIAN_POINT('Ctrl Pts',(4.70359800217841,17.5455922484798,-2.15));
#2035=CARTESIAN_POINT('Ctrl Pts',(5.66820200508633,15.8014820562756,-2.15));
#2036=CARTESIAN_POINT('Ctrl Pts',(6.61861688707991,13.1958428432154,-2.15));
#2037=CARTESIAN_POINT('Ctrl Pts',(6.86602669924284,12.1839806451767,-2.15));
#2038=CARTESIAN_POINT('Ctrl Pts',(6.92101835529361,11.9466366295806,-2.15));
#2039=CARTESIAN_POINT('Ctrl Pts',(3.56986788324134,18.8823839112864,-2.15));
#2040=CARTESIAN_POINT('Ctrl Pts',(4.70359800217841,17.5455922484798,-2.15));
#2041=CARTESIAN_POINT('Ctrl Pts',(5.66820200508633,15.8014820562756,-2.15));
#2042=CARTESIAN_POINT('Ctrl Pts',(6.61861688707991,13.1958428432154,-2.15));
#2043=CARTESIAN_POINT('Ctrl Pts',(6.86602669924284,12.1839806451767,-2.15));
#2044=CARTESIAN_POINT('Ctrl Pts',(6.92101835529361,11.9466366295806,-2.15));
#2045=CARTESIAN_POINT('Ctrl Pts',(6.62274352009099,11.9047125996766,-2.45));
#2046=CARTESIAN_POINT('Ctrl Pts',(6.56448153378878,12.1528330191562,-2.45));
#2047=CARTESIAN_POINT('Ctrl Pts',(6.37940557993334,12.896962959758,-2.45));
#2048=CARTESIAN_POINT('Ctrl Pts',(6.04479465018379,13.8734252852759,-2.45));
#2049=CARTESIAN_POINT('Ctrl Pts',(5.92907788841111,14.2111101851282,-2.45));
#2050=CARTESIAN_POINT('Ctrl Pts',(5.79547752104566,14.5765808301777,-2.45));
#2051=CARTESIAN_POINT('Ctrl Pts',(5.63654871381788,14.957051469605,-2.45));
#2052=CARTESIAN_POINT('Ctrl Pts',(5.15976320871184,16.0984611936291,-2.45));
#2053=CARTESIAN_POINT('Ctrl Pts',(4.4550241946136,17.3748702055339,-2.45));
#2054=CARTESIAN_POINT('Ctrl Pts',(3.34107146604547,18.6883421645453,-2.44999999999998));
#2055=CARTESIAN_POINT('Ctrl Pts',(3.34106928654271,18.6883447344172,-2.44999999999998));
#2056=CARTESIAN_POINT('Ctrl Pts',(3.34106710703996,18.688347304289,-2.44999999999998));
#2057=CARTESIAN_POINT('Ctrl Pts',(3.3410649275372,18.6883498741608,-2.44999999999998));
#2058=CARTESIAN_POINT('Ctrl Pts',(3.34069660837553,18.688784162689,-2.44999999999998));
#2059=CARTESIAN_POINT('Ctrl Pts',(3.34033483197045,18.6892107365922,-2.45));
#2060=CARTESIAN_POINT('Ctrl Pts',(3.33996651493295,18.6896450226156,-2.45));
#2061=CARTESIAN_POINT('Origin',(4.64193362792045,0.47499654408917,-2.45));
#2062=CARTESIAN_POINT('Origin',(0.,0.,-2.45));
#2063=CARTESIAN_POINT('Origin',(-0.830983690802402,-1.95838828003294,2.3));
#2064=CARTESIAN_POINT('',(-0.680983690802403,-4.4481750429655,2.45));
#2065=CARTESIAN_POINT('',(-0.980983690802403,-4.39177310415505,2.15));
#2066=CARTESIAN_POINT('Origin',(0.,0.,3.1309836908024));
#2067=CARTESIAN_POINT('',(-0.980983690802402,-15.0500000004363,2.15));
#2068=CARTESIAN_POINT('',(-0.980983690802402,-1.95838828003294,2.15));
#2069=CARTESIAN_POINT('',(-0.680983690802403,-15.0500000004363,2.45));
#2070=CARTESIAN_POINT('',(-0.980983690802402,-15.0500000004363,2.15));
#2071=CARTESIAN_POINT('',(-0.680983690802403,-1.95838828003294,2.45));
#2072=CARTESIAN_POINT('Origin',(2.0190163091976,-15.0500000004363,2.3));
#2073=CARTESIAN_POINT('',(2.0190163091976,-18.0500000004363,2.15));
#2074=CARTESIAN_POINT('',(2.0190163091976,-17.7500000004363,2.45));
#2075=CARTESIAN_POINT('',(2.0190163091976,-18.0500000004363,2.15));
#2076=CARTESIAN_POINT('Origin',(2.0190163091976,-15.0500000004363,2.45));
#2077=CARTESIAN_POINT('Origin',(2.0190163091976,-15.0500000004363,2.15));
#2078=CARTESIAN_POINT('Origin',(3.33047496855902,-17.9000000004363,2.3));
#2079=CARTESIAN_POINT('',(9.31490955032358,-18.0500000004363,2.15));
#2080=CARTESIAN_POINT('',(9.31538340619943,-17.7499999538909,2.45000000912091));
#2081=CARTESIAN_POINT('',(9.31490955032358,-18.0500000004363,2.15));
#2082=CARTESIAN_POINT('',(3.33047496855902,-17.7500000004363,2.45));
#2083=CARTESIAN_POINT('',(3.33047496855902,-18.0500000004363,2.15));
#2084=CARTESIAN_POINT('Origin',(9.3190162989024,-16.7500064872569,2.3));
#2085=CARTESIAN_POINT('',(10.619016298784,-16.7500064872569,2.15));
#2086=CARTESIAN_POINT('Origin',(9.3190162989024,-16.7500064872569,2.15));
#2087=CARTESIAN_POINT('',(10.319016298784,-16.7500064872569,2.45));
#2088=CARTESIAN_POINT('',(10.619016298784,-16.7500064872569,2.15));
#2089=CARTESIAN_POINT('Origin',(9.3190162989024,-16.7500064872569,2.45));
#2090=CARTESIAN_POINT('Origin',(10.4690162989024,-8.13750497158388,2.3));
#2091=CARTESIAN_POINT('',(10.6190162989024,-14.9085148988499,2.15));
#2092=CARTESIAN_POINT('',(10.3190162989024,-14.9085148988499,2.45));
#2093=CARTESIAN_POINT('',(10.6190162989024,-14.9085148988499,2.15));
#2094=CARTESIAN_POINT('',(10.3190162989024,-8.13750497158388,2.45));
#2095=CARTESIAN_POINT('',(10.6190162989024,-8.13750497158388,2.15));
#2096=CARTESIAN_POINT('Origin',(3.31963451777123,18.6749995753169,2.3));
#2097=CARTESIAN_POINT('',(3.56986788324134,18.8823839112864,2.15));
#2098=CARTESIAN_POINT('',(3.31963451777123,18.9999995753169,2.15));
#2099=CARTESIAN_POINT('Origin',(3.31963451777123,18.6749995753169,2.15));
#2100=CARTESIAN_POINT('',(3.31963451777123,18.6999995753169,2.45));
#2101=CARTESIAN_POINT('',(3.31963451777123,18.9999995753169,2.15));
#2102=CARTESIAN_POINT('',(3.3393466946504,18.69037585844,2.45));
#2103=CARTESIAN_POINT('Origin',(3.31963451777123,18.6749995753169,2.45));
#2104=CARTESIAN_POINT('Ctrl Pts',(3.3393466946504,18.69037585844,2.45));
#2105=CARTESIAN_POINT('Ctrl Pts',(3.36079980651031,18.7078280104928,2.42235052933345));
#2106=CARTESIAN_POINT('Ctrl Pts',(3.39654239475426,18.7375351597889,2.37587651842805));
#2107=CARTESIAN_POINT('Ctrl Pts',(3.46430099137217,18.7939431083443,2.28771511506744));
#2108=CARTESIAN_POINT('Ctrl Pts',(3.52266120094326,18.8428065476678,2.21160126848489));
#2109=CARTESIAN_POINT('Ctrl Pts',(3.56986788323977,18.8823839112871,2.15000000000073));
#2110=CARTESIAN_POINT('Origin',(3.98078407284581,18.8499995753169,2.3));
#2111=CARTESIAN_POINT('',(1.81495230974319,18.9999995753169,2.15));
#2112=CARTESIAN_POINT('',(1.81495230974319,18.6999995753169,2.45));
#2113=CARTESIAN_POINT('',(1.81495230974319,18.9999995753169,2.15));
#2114=CARTESIAN_POINT('',(3.98078407284581,18.6999995753169,2.45));
#2115=CARTESIAN_POINT('',(3.98078407284581,18.9999995753169,2.15));
#2116=CARTESIAN_POINT('Origin',(1.81495230974319,18.6749995753169,2.3));
#2117=CARTESIAN_POINT('',(1.51587551803547,18.8021926280431,2.15));
#2118=CARTESIAN_POINT('',(1.79194640268875,18.6847836562958,2.45));
#2119=CARTESIAN_POINT('',(1.51587551803547,18.8021926280431,2.15));
#2120=CARTESIAN_POINT('Origin',(1.81495230974319,18.6749995753169,2.45));
#2121=CARTESIAN_POINT('Origin',(1.81495230974319,18.6749995753169,2.15));
#2122=CARTESIAN_POINT('Origin',(-1.40692656210584,11.54635397063,2.3));
#2123=CARTESIAN_POINT('',(-1.30922585933821,12.1593592493,2.15));
#2124=CARTESIAN_POINT('',(-1.03315497468493,12.0419502775527,2.45));
#2125=CARTESIAN_POINT('',(-1.30922585933821,12.1593592493,2.15));
#2126=CARTESIAN_POINT('',(-1.2688911197792,11.4876494847563,2.45));
#2127=CARTESIAN_POINT('',(-1.54496200443248,11.6050584565036,2.15));
#2128=CARTESIAN_POINT('Origin',(-1.01014906763049,12.0321661965738,2.3));
#2129=CARTESIAN_POINT('',(-1.01014906763049,11.7071661965738,2.15));
#2130=CARTESIAN_POINT('',(-1.01014906763049,12.0071661965738,2.45));
#2131=CARTESIAN_POINT('',(-1.01014906763049,11.7071661965738,2.15));
#2132=CARTESIAN_POINT('Origin',(-1.01014906763049,12.0321661965738,2.45));
#2133=CARTESIAN_POINT('Origin',(-1.01014906763049,12.0321661965738,2.15));
#2134=CARTESIAN_POINT('Origin',(1.81589228014497,11.8571661965738,2.3));
#2135=CARTESIAN_POINT('',(1.22407795402309,11.7071661965738,2.15));
#2136=CARTESIAN_POINT('',(1.22407795402309,12.0071661965738,2.45));
#2137=CARTESIAN_POINT('',(1.22407795402309,11.7071661965738,2.15));
#2138=CARTESIAN_POINT('',(1.81589228014497,12.0071661965738,2.45));
#2139=CARTESIAN_POINT('',(1.81589228014497,11.7071661965738,2.15));
#2140=CARTESIAN_POINT('Origin',(1.22407795402309,11.3821661965738,2.3));
#2141=CARTESIAN_POINT('',(1.4928250784734,11.5649228191616,2.15));
#2142=CARTESIAN_POINT('',(1.74089934719677,11.7336212400118,2.45));
#2143=CARTESIAN_POINT('',(1.4928250784734,11.5649228191616,2.15));
#2144=CARTESIAN_POINT('Origin',(1.22407795402309,11.3821661965738,2.45));
#2145=CARTESIAN_POINT('Origin',(1.22407795402309,11.3821661965738,2.15));
#2146=CARTESIAN_POINT('Ctrl Pts',(1.74082221190295,11.7337346629765,2.45));
#2147=CARTESIAN_POINT('Ctrl Pts',(1.83869277563446,11.5898292603241,2.45));
#2148=CARTESIAN_POINT('Ctrl Pts',(2.17524602820743,11.0085341077821,2.45));
#2149=CARTESIAN_POINT('Ctrl Pts',(2.82530360148422,9.32608580777361,2.45));
#2150=CARTESIAN_POINT('Ctrl Pts',(2.46961162851158,7.2009868774125,2.45));
#2151=CARTESIAN_POINT('Ctrl Pts',(1.74536421134978,5.75426664425898,2.45));
#2152=CARTESIAN_POINT('Ctrl Pts',(1.13548727281374,4.79618054126915,2.45));
#2153=CARTESIAN_POINT('Ctrl Pts',(0.700277172369607,4.40866114279778,2.45));
#2154=CARTESIAN_POINT('Ctrl Pts',(0.345041324489326,4.22769593426709,2.45));
#2155=CARTESIAN_POINT('Ctrl Pts',(1.65813207558636,11.677495266471,2.34999735837158));
#2156=CARTESIAN_POINT('Ctrl Pts',(1.75159755111176,11.5400674634933,2.34999735837158));
#2157=CARTESIAN_POINT('Ctrl Pts',(2.08483057563716,10.9646082933831,2.34999735837158));
#2158=CARTESIAN_POINT('Ctrl Pts',(2.7222681405371,9.31389355058756,2.34999735837158));
#2159=CARTESIAN_POINT('Ctrl Pts',(2.37366908060165,7.23494508618321,2.34999735837158));
#2160=CARTESIAN_POINT('Ctrl Pts',(1.66145602079619,5.80539692458556,2.34999735837158));
#2161=CARTESIAN_POINT('Ctrl Pts',(1.04941544629382,4.852227083031,2.34999735837158));
#2162=CARTESIAN_POINT('Ctrl Pts',(0.646031003462824,4.49325999242542,2.34999735837158));
#2163=CARTESIAN_POINT('Ctrl Pts',(0.299646643496173,4.31680177640915,2.34999735837158));
#2164=CARTESIAN_POINT('Ctrl Pts',(1.57544193926976,11.6212558699655,2.24999471674316));
#2165=CARTESIAN_POINT('Ctrl Pts',(1.66450232658905,11.4903056666626,2.24999471674316));
#2166=CARTESIAN_POINT('Ctrl Pts',(1.99441512306689,10.9206824789843,2.24999471674316));
#2167=CARTESIAN_POINT('Ctrl Pts',(2.61923267958998,9.3017012934015,2.24999471674316));
#2168=CARTESIAN_POINT('Ctrl Pts',(2.27772653269172,7.26890329495393,2.24999471674316));
#2169=CARTESIAN_POINT('Ctrl Pts',(1.5775478302426,5.85652720491213,2.24999471674316));
#2170=CARTESIAN_POINT('Ctrl Pts',(0.963343619773893,4.90827362479284,2.24999471674316));
#2171=CARTESIAN_POINT('Ctrl Pts',(0.591784834556042,4.57785884205305,2.24999471674316));
#2172=CARTESIAN_POINT('Ctrl Pts',(0.25425196250302,4.40590761855123,2.24999471674316));
#2173=CARTESIAN_POINT('Ctrl Pts',(1.49275180295317,11.5650164734602,2.14999207511474));
#2174=CARTESIAN_POINT('Ctrl Pts',(1.57740710206634,11.4405438698318,2.14999207511474));
#2175=CARTESIAN_POINT('Ctrl Pts',(1.90399967049662,10.8767566645854,2.14999207511474));
#2176=CARTESIAN_POINT('Ctrl Pts',(2.51619721864285,9.28950903621544,2.14999207511474));
#2177=CARTESIAN_POINT('Ctrl Pts',(2.18178398478179,7.30286150372464,2.14999207511474));
#2178=CARTESIAN_POINT('Ctrl Pts',(1.49363963968902,5.90765748523871,2.14999207511474));
#2179=CARTESIAN_POINT('Ctrl Pts',(0.877271793253969,4.96432016655469,2.14999207511474));
#2180=CARTESIAN_POINT('Ctrl Pts',(0.53753866564926,4.66245769168069,2.14999207511474));
#2181=CARTESIAN_POINT('Ctrl Pts',(0.208857281509867,4.49501346069331,2.14999207511474));
#2182=CARTESIAN_POINT('',(0.702562980495593,4.4459808392954,2.45));
#2183=CARTESIAN_POINT('Ctrl Pts',(0.701266116863346,4.44502259086941,2.45));
#2184=CARTESIAN_POINT('Ctrl Pts',(0.696444996482909,4.44578319181103,2.44649489432402));
#2185=CARTESIAN_POINT('Ctrl Pts',(0.691615688652843,4.44653704579206,2.44299952697645));
#2186=CARTESIAN_POINT('Ctrl Pts',(0.613957567070475,4.45852951074717,2.3870489994468));
#2187=CARTESIAN_POINT('Ctrl Pts',(0.539559066688502,4.46820657146557,2.33708200350968));
#2188=CARTESIAN_POINT('Ctrl Pts',(0.379857344673039,4.48470949408715,2.23929238903206));
#2189=CARTESIAN_POINT('Ctrl Pts',(0.29616761612012,4.49108878226954,2.1931282418449));
#2190=CARTESIAN_POINT('Ctrl Pts',(0.209119882166815,4.49513835992648,2.15));
#2191=CARTESIAN_POINT('Ctrl Pts',(0.703859844127839,4.44693908772139,2.45));
#2192=CARTESIAN_POINT('Ctrl Pts',(0.868003734046852,4.56841488833501,2.45));
#2193=CARTESIAN_POINT('Ctrl Pts',(1.21434056866607,4.92005511687191,2.45));
#2194=CARTESIAN_POINT('Ctrl Pts',(1.74536421134978,5.75426664425898,2.45));
#2195=CARTESIAN_POINT('Ctrl Pts',(2.46961162851158,7.2009868774125,2.45));
#2196=CARTESIAN_POINT('Ctrl Pts',(2.82530360148422,9.32608580777361,2.45));
#2197=CARTESIAN_POINT('Ctrl Pts',(2.17528872944791,11.0084235904488,2.45));
#2198=CARTESIAN_POINT('Ctrl Pts',(1.8387517292191,11.5897274324072,2.45));
#2199=CARTESIAN_POINT('Ctrl Pts',(1.74089934719677,11.7336212400118,2.45));
#2200=CARTESIAN_POINT('Ctrl Pts',(1.4928250784734,11.5649228191616,2.15));
#2201=CARTESIAN_POINT('Ctrl Pts',(1.51636490289731,11.530307055123,2.15));
#2202=CARTESIAN_POINT('Ctrl Pts',(1.5683425487489,11.4496732743031,2.15));
#2203=CARTESIAN_POINT('Ctrl Pts',(1.65703724992646,11.2993483354813,2.15));
#2204=CARTESIAN_POINT('Ctrl Pts',(1.79438410999469,11.0407679752332,2.15));
#2205=CARTESIAN_POINT('Ctrl Pts',(1.98628117097468,10.6219809669305,2.15));
#2206=CARTESIAN_POINT('Ctrl Pts',(2.17461370816873,10.1051127484425,2.15));
#2207=CARTESIAN_POINT('Ctrl Pts',(2.3191973293473,9.50574641186728,2.15));
#2208=CARTESIAN_POINT('Ctrl Pts',(2.3820722914098,8.83888987829062,2.15));
#2209=CARTESIAN_POINT('Ctrl Pts',(2.33362003192746,8.12568666887855,2.15));
#2210=CARTESIAN_POINT('Ctrl Pts',(2.16180749215782,7.39416424364724,2.15));
#2211=CARTESIAN_POINT('Ctrl Pts',(1.88271155800698,6.68067113893238,2.15));
#2212=CARTESIAN_POINT('Ctrl Pts',(1.54816232684872,6.03005829172792,2.15));
#2213=CARTESIAN_POINT('Ctrl Pts',(1.21814280914875,5.48353668203664,2.15));
#2214=CARTESIAN_POINT('Ctrl Pts',(0.927380185110796,5.06367721598692,2.15));
#2215=CARTESIAN_POINT('Ctrl Pts',(0.713322583684743,4.81769593209082,2.15));
#2216=CARTESIAN_POINT('Ctrl Pts',(0.51411156096898,4.66400038298021,2.15));
#2217=CARTESIAN_POINT('Ctrl Pts',(0.333312623153758,4.55916392224602,2.15));
#2218=CARTESIAN_POINT('Ctrl Pts',(0.223066527665292,4.5022448085651,2.15));
#2219=CARTESIAN_POINT('Ctrl Pts',(0.209119882166814,4.49513835992648,2.15));
#2220=CARTESIAN_POINT('Ctrl Pts',(6.6287604536655,11.8789216464828,2.45));
#2221=CARTESIAN_POINT('Ctrl Pts',(6.57814277048503,12.0973875929371,2.45));
#2222=CARTESIAN_POINT('Ctrl Pts',(6.32987899256933,13.1146982482793,2.45));
#2223=CARTESIAN_POINT('Ctrl Pts',(5.3946764175951,15.6729927597878,2.45));
#2224=CARTESIAN_POINT('Ctrl Pts',(4.45501991169007,17.3748752555686,2.45));
#2225=CARTESIAN_POINT('Ctrl Pts',(3.34107146604546,18.6883421645453,2.45));
#2226=CARTESIAN_POINT('Ctrl Pts',(3.34049654224711,18.6890200625102,2.45));
#2227=CARTESIAN_POINT('Ctrl Pts',(3.33992161844875,18.6896979604751,2.45));
#2228=CARTESIAN_POINT('Ctrl Pts',(3.3393466946504,18.69037585844,2.45));
#2229=CARTESIAN_POINT('Ctrl Pts',(6.72617975420821,11.9014933075154,2.35));
#2230=CARTESIAN_POINT('Ctrl Pts',(6.67467565933998,12.1236507286364,2.35));
#2231=CARTESIAN_POINT('Ctrl Pts',(6.42607656067863,13.1423714216504,2.35));
#2232=CARTESIAN_POINT('Ctrl Pts',(5.48586863937489,15.7153931523364,2.35));
#2233=CARTESIAN_POINT('Ctrl Pts',(4.53834106957381,17.4314578926675,2.35));
#2234=CARTESIAN_POINT('Ctrl Pts',(3.41733693844409,18.7530227467923,2.35));
#2235=CARTESIAN_POINT('Ctrl Pts',(3.41676201464574,18.7537006447572,2.35));
#2236=CARTESIAN_POINT('Ctrl Pts',(3.41618709084738,18.7543785427222,2.35));
#2237=CARTESIAN_POINT('Ctrl Pts',(3.41561216704903,18.7550564406871,2.35));
#2238=CARTESIAN_POINT('Ctrl Pts',(6.82359905475091,11.924064968548,2.25));
#2239=CARTESIAN_POINT('Ctrl Pts',(6.76949381038788,12.1577175094774,2.25));
#2240=CARTESIAN_POINT('Ctrl Pts',(6.52241932000837,13.1681696720318,2.25));
#2241=CARTESIAN_POINT('Ctrl Pts',(5.57700978086151,15.7590816594162,2.25));
#2242=CARTESIAN_POINT('Ctrl Pts',(4.62027684429468,17.489009611381,2.25));
#2243=CARTESIAN_POINT('Ctrl Pts',(3.49360241084272,18.8177033290394,2.25));
#2244=CARTESIAN_POINT('Ctrl Pts',(3.49302748704436,18.8183812270043,2.25));
#2245=CARTESIAN_POINT('Ctrl Pts',(3.49245256324601,18.8190591249692,2.25));
#2246=CARTESIAN_POINT('Ctrl Pts',(3.49187763944766,18.8197370229341,2.25));
#2247=CARTESIAN_POINT('Ctrl Pts',(6.92101835529361,11.9466366295806,2.15));
#2248=CARTESIAN_POINT('Ctrl Pts',(6.86602669924284,12.1839806451766,2.15));
#2249=CARTESIAN_POINT('Ctrl Pts',(6.61861688811768,13.1958428454029,2.15));
#2250=CARTESIAN_POINT('Ctrl Pts',(5.6682020026413,15.8014820519648,2.15));
#2251=CARTESIAN_POINT('Ctrl Pts',(4.70359800217843,17.5455922484799,2.15));
#2252=CARTESIAN_POINT('Ctrl Pts',(3.56986788324135,18.8823839112864,2.15));
#2253=CARTESIAN_POINT('Ctrl Pts',(3.56929295944299,18.8830618092513,2.15));
#2254=CARTESIAN_POINT('Ctrl Pts',(3.56871803564464,18.8837397072162,2.15));
#2255=CARTESIAN_POINT('Ctrl Pts',(3.56814311184629,18.8844176051811,2.15));
#2256=CARTESIAN_POINT('',(6.92101835529361,11.9466366295806,2.15));
#2257=CARTESIAN_POINT('Ctrl Pts',(6.92101835529361,11.9466366295806,2.15));
#2258=CARTESIAN_POINT('Ctrl Pts',(6.86602669924284,12.1839806451766,2.15));
#2259=CARTESIAN_POINT('Ctrl Pts',(6.61861688811768,13.1958428454029,2.15));
#2260=CARTESIAN_POINT('Ctrl Pts',(5.6682020026413,15.8014820519648,2.15));
#2261=CARTESIAN_POINT('Ctrl Pts',(4.70359800217843,17.5455922484799,2.15));
#2262=CARTESIAN_POINT('Ctrl Pts',(3.56986788324135,18.8823839112864,2.15));
#2263=CARTESIAN_POINT('',(6.62274351454354,11.9047125984002,2.45));
#2264=CARTESIAN_POINT('Ctrl Pts',(3.3393466946504,18.69037585844,2.45));
#2265=CARTESIAN_POINT('Ctrl Pts',(3.33984622358284,18.6897868592584,2.45));
#2266=CARTESIAN_POINT('Ctrl Pts',(3.34034575251528,18.6891978600768,2.45));
#2267=CARTESIAN_POINT('Ctrl Pts',(3.34083870495216,18.6886166153019,2.45));
#2268=CARTESIAN_POINT('Ctrl Pts',(3.34091646387373,18.6885249290387,2.45));
#2269=CARTESIAN_POINT('Ctrl Pts',(3.34099404388836,18.6884334537264,2.45));
#2270=CARTESIAN_POINT('Ctrl Pts',(3.34107146604546,18.6883421645453,2.45));
#2271=CARTESIAN_POINT('Ctrl Pts',(3.47788630728563,18.5270225205991,2.45));
#2272=CARTESIAN_POINT('Ctrl Pts',(3.60913098763419,18.3655454398768,2.45));
#2273=CARTESIAN_POINT('Ctrl Pts',(3.73489116750132,18.2042441295118,2.45));
#2274=CARTESIAN_POINT('Ctrl Pts',(3.86279314037025,18.0401957332402,2.45));
#2275=CARTESIAN_POINT('Ctrl Pts',(3.98502238805653,17.8763293493724,2.45));
#2276=CARTESIAN_POINT('Ctrl Pts',(4.10172521963734,17.7129987871697,2.45));
#2277=CARTESIAN_POINT('Ctrl Pts',(4.22132256423793,17.5456172312385,2.45));
#2278=CARTESIAN_POINT('Ctrl Pts',(4.3351161331077,17.3787986518247,2.45));
#2279=CARTESIAN_POINT('Ctrl Pts',(4.4433193106397,17.2129238117796,2.45));
#2280=CARTESIAN_POINT('Ctrl Pts',(4.55459315695948,17.0423416543931,2.45));
#2281=CARTESIAN_POINT('Ctrl Pts',(4.65995504839261,16.8727578670099,2.45));
#2282=CARTESIAN_POINT('Ctrl Pts',(4.75969234812821,16.7045822571312,2.45));
#2283=CARTESIAN_POINT('Ctrl Pts',(4.8643874619629,16.5280468519504,2.45));
#2284=CARTESIAN_POINT('Ctrl Pts',(4.96288508626585,16.3530635410727,2.45));
#2285=CARTESIAN_POINT('Ctrl Pts',(5.05557470662429,16.1800957943221,2.45));
#2286=CARTESIAN_POINT('Ctrl Pts',(5.15105593162426,16.0019186448056,2.45));
#2287=CARTESIAN_POINT('Ctrl Pts',(5.24037455543104,15.8258808077634,2.45));
#2288=CARTESIAN_POINT('Ctrl Pts',(5.3240097578347,15.6524705974943,2.45));
#2289=CARTESIAN_POINT('Ctrl Pts',(5.41097595313409,15.4721538674601,2.45));
#2290=CARTESIAN_POINT('Ctrl Pts',(5.49179764170924,15.2946789155617,2.45));
#2291=CARTESIAN_POINT('Ctrl Pts',(5.56706155080436,15.1205659172624,2.45));
#2292=CARTESIAN_POINT('Ctrl Pts',(5.59076869254069,15.0657226121718,2.45));
#2293=CARTESIAN_POINT('Ctrl Pts',(5.61392471417747,15.0112126191701,2.45));
#2294=CARTESIAN_POINT('Ctrl Pts',(5.63654871364632,14.9570514656464,2.45));
#2295=CARTESIAN_POINT('Ctrl Pts',(5.79547752115548,14.5765808262842,2.45));
#2296=CARTESIAN_POINT('Ctrl Pts',(5.92907788900894,14.211110181783,2.45));
#2297=CARTESIAN_POINT('Ctrl Pts',(6.04479465101877,13.8734252824482,2.45));
#2298=CARTESIAN_POINT('Ctrl Pts',(6.37940558144019,12.8969629584671,2.44999999999999));
#2299=CARTESIAN_POINT('Ctrl Pts',(6.56448153388219,12.1528330191254,2.44999999999999));
#2300=CARTESIAN_POINT('Ctrl Pts',(6.62274352008962,11.9047125997025,2.45));
#2301=CARTESIAN_POINT('Ctrl Pts',(6.62274350570202,11.904712660975,2.45));
#2302=CARTESIAN_POINT('Ctrl Pts',(6.67245062995502,11.9117291123117,2.40000388561444));
#2303=CARTESIAN_POINT('Ctrl Pts',(6.72215804196715,11.9187425755623,2.35000763345977));
#2304=CARTESIAN_POINT('Ctrl Pts',(6.82289070540762,11.9329050856843,2.24869215365259));
#2305=CARTESIAN_POINT('Ctrl Pts',(6.86898630212554,11.9393632075523,2.20233099442005));
#2306=CARTESIAN_POINT('Ctrl Pts',(6.92101835529362,11.9466366295806,2.15));
#2307=CARTESIAN_POINT('Origin',(10.4690171682985,-7.21675949821971,2.3));
#2308=CARTESIAN_POINT('',(10.6190163234714,-14.6911471378465,2.15));
#2309=CARTESIAN_POINT('',(10.6190171682985,-7.21675951517415,2.15));
#2310=CARTESIAN_POINT('',(10.3190163234714,-14.6911471039377,2.45));
#2311=CARTESIAN_POINT('',(10.6190163234714,-14.6911471378465,2.15));
#2312=CARTESIAN_POINT('',(10.3190171682985,-7.21675948126527,2.45));
#2313=CARTESIAN_POINT('Origin',(10.2940163234714,-14.6911471318979,2.3));
#2314=CARTESIAN_POINT('',(10.5526576549551,-14.4943486012928,2.15));
#2315=CARTESIAN_POINT('',(10.3139118105086,-14.6760087833898,2.45));
#2316=CARTESIAN_POINT('',(10.5526576549551,-14.4943486012928,2.15));
#2317=CARTESIAN_POINT('Origin',(10.2940163234714,-14.6911471318979,2.45));
#2318=CARTESIAN_POINT('Origin',(10.2940163234714,-14.6911471318979,2.15));
#2319=CARTESIAN_POINT('Origin',(5.74280656829639,-8.42074487256382,2.3));
#2320=CARTESIAN_POINT('',(8.14496723877735,-11.3300553866741,2.15));
#2321=CARTESIAN_POINT('',(7.90622139433086,-11.5117155687711,2.45));
#2322=CARTESIAN_POINT('',(8.14496723877735,-11.3300553866741,2.15));
#2323=CARTESIAN_POINT('',(5.62343364607314,-8.51157496361235,2.45));
#2324=CARTESIAN_POINT('',(5.86217949051963,-8.3299147815153,2.15));
#2325=CARTESIAN_POINT('Origin',(8.40360857026105,-11.133256856069,2.3));
#2326=CARTESIAN_POINT('',(8.0790162989024,-11.1495312953598,2.15));
#2327=CARTESIAN_POINT('',(7.7793926638021,-11.1645538547051,2.45));
#2328=CARTESIAN_POINT('',(8.0790162989024,-11.1495312953598,2.15));
#2329=CARTESIAN_POINT('Origin',(8.40360857026105,-11.133256856069,2.45));
#2330=CARTESIAN_POINT('Origin',(8.40360857026105,-11.133256856069,2.15));
#2331=CARTESIAN_POINT('Origin',(7.6342100667034,-5.2734047194965,2.3));
#2332=CARTESIAN_POINT('',(7.48439824915325,-5.28091599916918,2.45));
#2333=CARTESIAN_POINT('',(7.78402188425354,-5.26589343982382,2.15));
#2334=CARTESIAN_POINT('Origin',(10.2940163234714,-14.6911471318979,0.));
#2335=CARTESIAN_POINT('',(10.5526576549551,-14.4943486012928,0.));
#2336=CARTESIAN_POINT('',(10.6190163234714,-14.6911471378465,0.));
#2337=CARTESIAN_POINT('Origin',(10.6190162989024,-14.9085148988499,0.));
#2338=CARTESIAN_POINT('',(10.6190162989024,-14.9085148988499,0.));
#2339=CARTESIAN_POINT('Origin',(10.6190162989024,-16.7500064872569,0.));
#2340=CARTESIAN_POINT('',(10.619016298784,-16.7500064872569,0.));
#2341=CARTESIAN_POINT('Origin',(9.3190162989024,-16.7500064872569,0.));
#2342=CARTESIAN_POINT('',(9.31490955032358,-18.0500000004363,0.));
#2343=CARTESIAN_POINT('Origin',(2.0190163091976,-18.0500000004363,0.));
#2344=CARTESIAN_POINT('',(2.0190163091976,-18.0500000004363,0.));
#2345=CARTESIAN_POINT('Origin',(2.0190163091976,-15.0500000004363,0.));
#2346=CARTESIAN_POINT('',(-0.980983690802402,-15.0500000004363,0.));
#2347=CARTESIAN_POINT('Origin',(-0.980983690802402,-4.39177310415505,0.));
#2348=CARTESIAN_POINT('',(-0.980983690802403,-4.39177310415505,0.));
#2349=CARTESIAN_POINT('Origin',(4.64193362792045,0.47499654408917,2.45));
#2350=CARTESIAN_POINT('Origin',(0.,0.,2.45));
#2351=CARTESIAN_POINT('Origin',(0.,0.,0.));
#2352=CARTESIAN_POINT('Ctrl Pts',(1.4928250784734,11.5649228191616,-2.45));
#2353=CARTESIAN_POINT('Ctrl Pts',(1.4928250784734,11.5649228191616,3.43));
#2354=CARTESIAN_POINT('Ctrl Pts',(1.51636490289731,11.530307055123,-2.45));
#2355=CARTESIAN_POINT('Ctrl Pts',(1.51636490289731,11.530307055123,3.43));
#2356=CARTESIAN_POINT('Ctrl Pts',(1.5683425487489,11.4496732743031,-2.45));
#2357=CARTESIAN_POINT('Ctrl Pts',(1.5683425487489,11.4496732743031,3.43));
#2358=CARTESIAN_POINT('Ctrl Pts',(1.65703724992646,11.2993483354813,-2.45));
#2359=CARTESIAN_POINT('Ctrl Pts',(1.65703724992646,11.2993483354813,3.43));
#2360=CARTESIAN_POINT('Ctrl Pts',(1.79438410999469,11.0407679752332,-2.45));
#2361=CARTESIAN_POINT('Ctrl Pts',(1.79438410999469,11.0407679752332,3.43));
#2362=CARTESIAN_POINT('Ctrl Pts',(1.98628117097468,10.6219809669305,-2.45));
#2363=CARTESIAN_POINT('Ctrl Pts',(1.98628117097468,10.6219809669305,3.43));
#2364=CARTESIAN_POINT('Ctrl Pts',(2.17461370816873,10.1051127484425,-2.45));
#2365=CARTESIAN_POINT('Ctrl Pts',(2.17461370816873,10.1051127484425,3.43));
#2366=CARTESIAN_POINT('Ctrl Pts',(2.3191973293473,9.50574641186728,-2.45));
#2367=CARTESIAN_POINT('Ctrl Pts',(2.3191973293473,9.50574641186728,3.43));
#2368=CARTESIAN_POINT('Ctrl Pts',(2.3820722914098,8.83888987829062,-2.45));
#2369=CARTESIAN_POINT('Ctrl Pts',(2.3820722914098,8.83888987829062,3.43));
#2370=CARTESIAN_POINT('Ctrl Pts',(2.33362003192746,8.12568666887855,-2.45));
#2371=CARTESIAN_POINT('Ctrl Pts',(2.33362003192746,8.12568666887855,3.43));
#2372=CARTESIAN_POINT('Ctrl Pts',(2.16180749215782,7.39416424364724,-2.45));
#2373=CARTESIAN_POINT('Ctrl Pts',(2.16180749215782,7.39416424364724,3.43));
#2374=CARTESIAN_POINT('Ctrl Pts',(1.88271155800698,6.68067113893238,-2.45));
#2375=CARTESIAN_POINT('Ctrl Pts',(1.88271155800698,6.68067113893238,3.43));
#2376=CARTESIAN_POINT('Ctrl Pts',(1.54816232684872,6.03005829172792,-2.45));
#2377=CARTESIAN_POINT('Ctrl Pts',(1.54816232684872,6.03005829172792,3.43));
#2378=CARTESIAN_POINT('Ctrl Pts',(1.21814280914875,5.48353668203664,-2.45));
#2379=CARTESIAN_POINT('Ctrl Pts',(1.21814280914875,5.48353668203664,3.43));
#2380=CARTESIAN_POINT('Ctrl Pts',(0.927380185110796,5.06367721598692,-2.45));
#2381=CARTESIAN_POINT('Ctrl Pts',(0.927380185110796,5.06367721598692,3.43));
#2382=CARTESIAN_POINT('Ctrl Pts',(0.713322583684743,4.81769593209082,-2.45));
#2383=CARTESIAN_POINT('Ctrl Pts',(0.713322583684743,4.81769593209082,3.43));
#2384=CARTESIAN_POINT('Ctrl Pts',(0.51411156096898,4.66400038298021,-2.45));
#2385=CARTESIAN_POINT('Ctrl Pts',(0.51411156096898,4.66400038298021,3.43));
#2386=CARTESIAN_POINT('Ctrl Pts',(0.333312623153758,4.55916392224602,-2.45));
#2387=CARTESIAN_POINT('Ctrl Pts',(0.333312623153758,4.55916392224602,3.43));
#2388=CARTESIAN_POINT('Ctrl Pts',(0.223066527665292,4.5022448085651,-2.45));
#2389=CARTESIAN_POINT('Ctrl Pts',(0.223066527665292,4.5022448085651,3.43));
#2390=CARTESIAN_POINT('Ctrl Pts',(0.209119882166814,4.49513835992648,-2.45));
#2391=CARTESIAN_POINT('Ctrl Pts',(0.209119882166814,4.49513835992648,3.43));
#2392=CARTESIAN_POINT('',(1.4928250784734,11.5649228191616,0.));
#2393=CARTESIAN_POINT('Origin',(1.22407795402309,11.3821661965738,0.));
#2394=CARTESIAN_POINT('',(1.22407795402309,11.7071661965738,0.));
#2395=CARTESIAN_POINT('Origin',(-1.01014906763049,11.7071661965738,0.));
#2396=CARTESIAN_POINT('',(-1.01014906763049,11.7071661965738,0.));
#2397=CARTESIAN_POINT('Origin',(-1.01014906763049,12.0321661965738,0.));
#2398=CARTESIAN_POINT('',(-1.30922585933821,12.1593592493,0.));
#2399=CARTESIAN_POINT('Origin',(1.51587551803547,18.8021926280431,0.));
#2400=CARTESIAN_POINT('',(1.51587551803547,18.8021926280431,0.));
#2401=CARTESIAN_POINT('Origin',(1.81495230974319,18.6749995753169,0.));
#2402=CARTESIAN_POINT('',(1.81495230974319,18.9999995753169,0.));
#2403=CARTESIAN_POINT('Origin',(3.31963451777123,18.9999995753169,0.));
#2404=CARTESIAN_POINT('',(3.31963451777123,18.9999995753169,0.));
#2405=CARTESIAN_POINT('Origin',(3.31963451777123,18.6749995753169,0.));
#2406=CARTESIAN_POINT('',(3.56986788324134,18.8823839112864,0.));
#2407=CARTESIAN_POINT('Ctrl Pts',(6.92101835529361,11.9466366295806,-2.45));
#2408=CARTESIAN_POINT('Ctrl Pts',(6.92101835529361,11.9466366295806,3.43));
#2409=CARTESIAN_POINT('Ctrl Pts',(6.9056206915994,12.0130929539475,-2.45));
#2410=CARTESIAN_POINT('Ctrl Pts',(6.9056206915994,12.0130929539475,3.43));
#2411=CARTESIAN_POINT('Ctrl Pts',(6.8567365944498,12.2104115060607,-2.45));
#2412=CARTESIAN_POINT('Ctrl Pts',(6.8567365944498,12.2104115060607,3.43));
#2413=CARTESIAN_POINT('Ctrl Pts',(6.7291772168483,12.6994305335351,-2.45));
#2414=CARTESIAN_POINT('Ctrl Pts',(6.7291772168483,12.6994305335351,3.43));
#2415=CARTESIAN_POINT('Ctrl Pts',(6.45197145456342,13.6819466494081,-2.45));
#2416=CARTESIAN_POINT('Ctrl Pts',(6.45197145456342,13.6819466494081,3.43));
#2417=CARTESIAN_POINT('Ctrl Pts',(5.89020999732677,15.2602382620247,-2.45));
#2418=CARTESIAN_POINT('Ctrl Pts',(5.89020999732677,15.2602382620247,3.43));
#2419=CARTESIAN_POINT('Ctrl Pts',(5.1933774579327,16.6704369800036,-2.45));
#2420=CARTESIAN_POINT('Ctrl Pts',(5.1933774579327,16.6704369800036,3.43));
#2421=CARTESIAN_POINT('Ctrl Pts',(4.47105704059949,17.7656350288838,-2.45));
#2422=CARTESIAN_POINT('Ctrl Pts',(4.47105704059949,17.7656350288838,3.43));
#2423=CARTESIAN_POINT('Ctrl Pts',(3.88731231654372,18.5080822457005,-2.45));
#2424=CARTESIAN_POINT('Ctrl Pts',(3.88731231654372,18.5080822457005,3.43));
#2425=CARTESIAN_POINT('Ctrl Pts',(3.56986788324134,18.8823839112864,-2.45));
#2426=CARTESIAN_POINT('Ctrl Pts',(3.56986788324134,18.8823839112864,3.43));
#2427=CARTESIAN_POINT('',(6.92101835529361,11.9466366295806,0.));
#2428=CARTESIAN_POINT('Origin',(8.0790162989024,-11.1495312953598,0.));
#2429=CARTESIAN_POINT('',(8.0790162989024,-11.1495312953598,0.));
#2430=CARTESIAN_POINT('Origin',(8.40360857026105,-11.133256856069,0.));
#2431=CARTESIAN_POINT('',(8.14496723877735,-11.3300553866741,0.));
#2432=CARTESIAN_POINT('Origin',(10.5526576549551,-14.4943486012928,0.));
#2433=CARTESIAN_POINT('Origin',(6.22697990129863,-18.0500000004363,0.));
#2434=CARTESIAN_POINT('',(4.97697990129864,-36.3500000004363,-1.53080849893419E-16));
#2435=CARTESIAN_POINT('Origin',(6.22697990129864,-36.3500000004363,0.));
#2436=CARTESIAN_POINT('',(4.97697990129863,-18.0500000004363,-1.53080849893419E-16));
#2437=CARTESIAN_POINT('',(4.97697990129863,-18.0500000004363,-1.53080849893419E-16));
#2438=CARTESIAN_POINT('Origin',(6.22697990129863,-18.0500000004363,0.));
#2439=CARTESIAN_POINT('Origin',(6.22697990129864,-36.3500000004363,0.));
#2440=CARTESIAN_POINT('Origin',(6.22697990129863,-18.0500000004363,0.));
#2441=CARTESIAN_POINT('Origin',(6.22697990139773,-36.3500000004363,0.));
#2442=CARTESIAN_POINT('',(4.47697990139773,-36.8500000004363,-2.14313189850787E-16));
#2443=CARTESIAN_POINT('Origin',(6.22697990139773,-36.8500000004363,0.));
#2444=CARTESIAN_POINT('',(4.47697990139773,-36.3500000004363,-2.14313189850787E-16));
#2445=CARTESIAN_POINT('',(4.47697990139773,-36.3500000004363,-2.14313189850787E-16));
#2446=CARTESIAN_POINT('Origin',(6.22697990139773,-36.3500000004363,0.));
#2447=CARTESIAN_POINT('Origin',(6.22697990139773,-36.8500000004363,0.));
#2448=CARTESIAN_POINT('Origin',(6.22697990139773,-36.3500000004363,0.));
#2449=UNCERTAINTY_MEASURE_WITH_UNIT(LENGTH_MEASURE(0.01),#2453,
'DISTANCE_ACCURACY_VALUE',
'Maximum model space distance between geometric entities at asserted c
onnectivities');
#2450=UNCERTAINTY_MEASURE_WITH_UNIT(LENGTH_MEASURE(0.01),#2453,
'DISTANCE_ACCURACY_VALUE',
'Maximum model space distance between geometric entities at asserted c
onnectivities');
#2451=(
GEOMETRIC_REPRESENTATION_CONTEXT(3)
GLOBAL_UNCERTAINTY_ASSIGNED_CONTEXT((#2449))
GLOBAL_UNIT_ASSIGNED_CONTEXT((#2453,#2455,#2456))
REPRESENTATION_CONTEXT('','3D')
);
#2452=(
GEOMETRIC_REPRESENTATION_CONTEXT(3)
GLOBAL_UNCERTAINTY_ASSIGNED_CONTEXT((#2450))
GLOBAL_UNIT_ASSIGNED_CONTEXT((#2453,#2455,#2456))
REPRESENTATION_CONTEXT('','3D')
);
#2453=(
LENGTH_UNIT()
NAMED_UNIT(*)
SI_UNIT(.MILLI.,.METRE.)
);
#2454=(
LENGTH_UNIT()
NAMED_UNIT(*)
SI_UNIT($,.METRE.)
);
#2455=(
NAMED_UNIT(*)
PLANE_ANGLE_UNIT()
SI_UNIT($,.RADIAN.)
);
#2456=(
NAMED_UNIT(*)
SI_UNIT($,.STERADIAN.)
SOLID_ANGLE_UNIT()
);
#2457=SHAPE_DEFINITION_REPRESENTATION(#2458,#2459);
#2458=PRODUCT_DEFINITION_SHAPE('',$,#2461);
#2459=SHAPE_REPRESENTATION('',(#1197),#2451);
#2460=PRODUCT_DEFINITION_CONTEXT('part definition',#2465,'design');
#2461=PRODUCT_DEFINITION('#2 part 2 long hook','#2 part 2 long hook v1',
#2462,#2460);
#2462=PRODUCT_DEFINITION_FORMATION('',$,#2467);
#2463=PRODUCT_RELATED_PRODUCT_CATEGORY('#2 part 2 long hook v1',
'#2 part 2 long hook v1',(#2467));
#2464=APPLICATION_PROTOCOL_DEFINITION('international standard',
'automotive_design',2009,#2465);
#2465=APPLICATION_CONTEXT(
'Core Data for Automotive Mechanical Design Process');
#2466=PRODUCT_CONTEXT('part definition',#2465,'mechanical');
#2467=PRODUCT('#2 part 2 long hook','#2 part 2 long hook v1',$,(#2466));
#2468=PRESENTATION_STYLE_ASSIGNMENT((#2470));
#2469=PRESENTATION_STYLE_ASSIGNMENT((#2471));
#2470=SURFACE_STYLE_USAGE(.BOTH.,#2472);
#2471=SURFACE_STYLE_USAGE(.BOTH.,#2473);
#2472=SURFACE_SIDE_STYLE('',(#2474));
#2473=SURFACE_SIDE_STYLE('',(#2475));
#2474=SURFACE_STYLE_FILL_AREA(#2476);
#2475=SURFACE_STYLE_FILL_AREA(#2477);
#2476=FILL_AREA_STYLE('Steel - Satin',(#2478));
#2477=FILL_AREA_STYLE('Opaque(151,180,195)',(#2479));
#2478=FILL_AREA_STYLE_COLOUR('Steel - Satin',#2480);
#2479=FILL_AREA_STYLE_COLOUR('Opaque(151,180,195)',#2481);
#2480=COLOUR_RGB('Steel - Satin',0.627450980392157,0.627450980392157,0.627450980392157);
#2481=COLOUR_RGB('Opaque(151,180,195)',0.592156862745098,0.705882352941177,
0.764705882352941);
ENDSEC;
END-ISO-10303-21;
